PTS,FG_PCT,FG3_PCT,FT_PCT,REB,AST,STL,BLK,TOV,WL
68,0.309,0.171,0.632,33,16,11,3,22,0
76,0.36,0.286,0.8,42,18,8,2,16,0
77,0.383,0.25,0.643,37,16,3,2,17,0
80,0.326,0.242,0.667,47,20,4,5,9,0
80,0.378,0.262,0.7,39,16,9,3,17,0
81,0.306,0.175,0.667,43,17,9,5,10,0
81,0.312,0.233,0.762,38,18,9,4,11,0
82,0.356,0.147,0.556,41,23,11,7,14,0
82,0.393,0.304,1.0,47,16,8,3,22,0
82,0.346,0.36,0.85,49,16,4,3,20,0
83,0.326,0.171,0.833,51,18,5,8,10,0
83,0.368,0.273,0.813,44,15,11,9,14,0
83,0.33,0.188,0.789,41,16,10,3,17,0
83,0.393,0.391,0.444,43,20,4,1,14,0
83,0.388,0.174,0.765,41,22,12,3,19,0
83,0.349,0.296,0.714,34,21,13,3,22,0
83,0.298,0.345,0.821,28,16,11,3,10,0
84,0.378,0.3,0.727,45,20,4,6,15,0
84,0.356,0.188,0.737,46,23,4,3,14,0
84,0.419,0.35,0.625,32,18,8,0,11,0
84,0.377,0.364,0.583,30,16,10,2,13,0
84,0.354,0.25,0.783,50,18,6,6,15,0
85,0.365,0.167,0.917,47,14,6,6,11,0
85,0.375,0.257,0.588,35,21,10,1,12,0
85,0.405,0.25,0.714,40,22,5,0,13,0
85,0.391,0.143,0.667,39,19,5,8,12,0
85,0.323,0.233,0.565,49,18,7,9,12,0
85,0.321,0.3,0.826,48,20,9,8,22,0
86,0.419,0.235,0.75,43,27,2,6,18,0
86,0.361,0.407,0.652,53,14,4,2,15,0
86,0.368,0.227,0.607,48,20,6,4,21,0
86,0.39,0.235,0.636,41,21,8,5,16,0
86,0.398,0.2,0.643,51,13,5,4,12,0
86,0.402,0.286,0.857,40,19,7,5,17,0
86,0.385,0.185,0.786,41,20,11,2,17,0
86,0.338,0.348,0.8,47,16,9,4,19,0
86,0.385,0.152,0.55,51,16,11,4,14,0
86,0.421,0.222,0.818,44,18,2,5,17,0
86,0.348,0.24,0.8,50,11,7,5,19,0
86,0.371,0.29,0.846,51,17,3,4,20,0
86,0.382,0.167,0.938,53,18,5,2,15,0
87,0.415,0.273,0.625,47,23,10,5,19,0
87,0.403,0.324,0.778,40,22,5,3,18,0
87,0.398,0.148,0.85,48,15,4,10,14,0
87,0.295,0.353,0.792,41,18,4,10,11,0
87,0.355,0.31,0.8,53,19,9,1,17,0
87,0.369,0.209,0.727,48,20,6,9,16,0
87,0.357,0.323,0.708,42,21,4,1,17,0
87,0.405,0.25,0.789,37,24,7,2,15,0
87,0.388,0.414,0.813,49,20,8,3,20,0
87,0.39,0.25,0.789,41,19,9,3,19,0
87,0.363,0.364,0.643,45,20,5,3,12,0
87,0.391,0.192,0.609,47,18,8,5,16,0
88,0.352,0.214,0.773,36,20,6,6,12,0
88,0.383,0.345,0.75,42,21,5,8,14,0
88,0.467,0.176,0.789,36,23,8,2,22,0
88,0.423,0.3,0.731,43,21,8,4,24,0
88,0.356,0.222,0.69,38,16,8,4,14,0
88,0.378,0.393,0.789,42,21,12,3,21,0
88,0.374,0.25,0.917,44,25,7,6,22,0
88,0.405,0.2,0.778,36,17,13,7,15,0
88,0.37,0.242,0.8,42,19,8,2,19,0
88,0.43,0.143,0.786,40,25,5,7,15,0
88,0.42,0.258,0.706,38,25,10,4,19,0
88,0.341,0.313,0.857,43,17,8,4,11,0
88,0.418,0.167,0.783,42,19,7,9,16,0
88,0.33,0.406,0.929,49,19,8,5,12,0
88,0.407,0.194,0.667,40,22,12,7,13,0
88,0.394,0.261,0.963,37,15,13,4,19,0
88,0.383,0.194,0.714,44,18,8,7,18,0
89,0.351,0.129,0.731,45,18,6,4,8,0
89,0.363,0.263,0.813,50,23,6,2,19,0
89,0.409,0.28,0.714,44,18,2,5,12,0
89,0.382,0.286,0.692,47,22,6,2,15,0
89,0.393,0.29,0.778,39,27,6,3,17,0
89,0.413,0.35,0.889,44,16,7,2,18,0
89,0.368,0.257,0.923,37,21,8,1,22,0
89,0.315,0.241,0.929,42,17,13,4,10,0
89,0.397,0.152,0.667,53,14,7,4,23,0
89,0.447,0.286,1.0,40,16,10,3,27,0
89,0.391,0.296,1.0,46,23,1,8,19,0
89,0.356,0.276,0.704,41,20,15,6,18,0
89,0.347,0.195,0.789,37,22,12,4,9,0
89,0.352,0.179,0.733,54,13,4,15,19,0
89,0.333,0.22,0.69,49,11,10,5,8,0
89,0.429,0.381,0.84,36,19,7,7,18,1
89,0.371,0.189,0.8,47,16,4,3,11,0
89,0.402,0.275,0.571,35,16,12,5,17,0
90,0.322,0.175,0.758,51,15,7,2,7,0
90,0.443,0.444,0.444,30,23,3,2,13,0
90,0.395,0.182,0.593,52,25,6,5,15,0
90,0.41,0.231,0.714,34,16,10,5,12,0
90,0.425,0.345,0.8,42,21,7,3,26,0
90,0.402,0.313,0.556,42,17,8,6,14,0
90,0.44,0.294,0.731,50,23,5,6,10,1
90,0.382,0.387,0.588,33,19,5,3,13,0
90,0.404,0.242,0.769,47,20,3,7,16,0
90,0.418,0.343,0.4,47,19,7,11,16,0
90,0.394,0.355,1.0,44,26,8,2,19,0
90,0.456,0.304,0.611,47,10,11,5,24,1
90,0.389,0.25,0.778,35,21,10,3,15,0
90,0.407,0.225,0.778,51,21,6,3,12,0
91,0.363,0.263,0.789,41,19,8,4,12,0
91,0.452,0.212,0.667,52,24,3,4,16,0
91,0.425,0.206,0.556,34,23,6,9,14,0
91,0.39,0.524,0.941,39,14,6,1,13,0
91,0.414,0.357,0.719,40,15,4,5,19,0
91,0.398,0.182,0.619,52,21,7,9,9,0
91,0.479,0.556,0.65,33,18,10,4,18,0
91,0.386,0.222,0.882,43,13,5,5,23,0
91,0.432,0.282,0.842,34,24,9,6,20,0
91,0.348,0.207,0.955,41,14,11,5,15,0
91,0.349,0.367,0.714,48,11,12,5,20,0
91,0.405,0.267,0.789,49,24,5,4,14,0
91,0.376,0.389,0.7,51,21,10,5,18,0
91,0.41,0.278,0.947,35,18,11,4,14,0
91,0.327,0.233,0.882,41,21,9,6,11,0
91,0.391,0.308,0.688,45,18,6,6,15,0
91,0.377,0.282,0.629,40,20,6,4,19,0
92,0.465,0.179,0.7,41,20,5,4,17,0
92,0.435,0.353,0.632,36,23,14,6,21,0
92,0.4,0.273,0.733,44,17,5,4,11,0
92,0.438,0.31,0.765,40,23,8,3,14,0
92,0.398,0.259,0.846,39,16,9,4,16,0
92,0.4,0.304,0.654,46,19,6,6,10,0
92,0.449,0.281,0.684,42,26,5,7,20,0
92,0.453,0.419,0.846,22,23,8,3,13,0
92,0.4,0.3,0.833,40,22,7,6,13,0
92,0.452,0.304,0.643,31,11,5,2,12,0
92,0.423,0.333,0.895,36,22,12,10,14,0
92,0.418,0.194,0.769,51,19,7,5,12,1
92,0.415,0.333,0.667,51,19,9,10,13,1
92,0.375,0.333,0.667,46,24,5,2,9,0
92,0.368,0.237,0.684,51,19,6,1,20,0
92,0.36,0.219,0.65,52,18,5,6,14,0
92,0.407,0.192,0.81,46,20,6,4,12,0
92,0.372,0.216,0.667,47,20,10,3,15,0
92,0.383,0.27,0.769,49,18,7,6,15,0
92,0.369,0.321,0.808,43,18,10,2,11,1
92,0.358,0.212,0.739,52,18,5,4,13,0
93,0.443,0.231,0.818,41,23,5,4,11,0
93,0.342,0.382,0.813,33,15,7,1,12,0
93,0.36,0.395,0.857,41,19,6,3,6,0
93,0.404,0.243,0.706,47,17,9,9,14,0
93,0.384,0.273,0.783,52,21,5,5,11,1
93,0.36,0.262,0.769,38,14,9,6,12,0
93,0.506,0.345,0.263,45,25,3,6,19,0
93,0.463,0.35,0.833,36,21,4,6,12,0
93,0.386,0.323,0.682,50,25,7,6,17,0
93,0.398,0.394,0.7,41,17,6,4,12,0
93,0.386,0.25,0.737,49,16,9,2,14,0
93,0.44,0.316,0.7,39,21,7,5,9,0
93,0.456,0.28,0.778,41,24,6,4,16,0
93,0.438,0.333,0.846,41,18,3,5,15,0
93,0.476,0.231,0.692,40,28,5,11,19,0
93,0.448,0.265,0.75,43,23,7,5,16,1
93,0.348,0.214,0.741,43,20,7,5,19,0
93,0.411,0.316,0.65,35,19,8,5,9,0
93,0.409,0.286,0.7,49,28,6,2,9,1
94,0.467,0.19,0.769,34,25,5,3,19,0
94,0.324,0.119,0.821,56,23,5,9,13,0
94,0.438,0.325,0.429,31,20,7,5,12,0
94,0.435,0.333,0.769,42,23,8,2,13,0
94,0.462,0.273,0.444,49,20,3,9,12,0
94,0.419,0.4,0.545,37,26,8,4,14,0
94,0.365,0.16,0.8,52,11,6,4,18,0
94,0.389,0.306,0.813,38,16,13,4,11,0
94,0.507,0.455,0.545,43,31,5,5,24,0
94,0.429,0.28,0.714,37,22,10,8,15,0
94,0.462,0.222,0.857,44,21,2,5,12,0
94,0.383,0.351,0.864,42,21,6,2,15,0
94,0.411,0.261,0.625,45,22,6,5,10,0
94,0.382,0.313,0.696,57,22,9,3,12,1
94,0.344,0.25,0.864,54,20,11,8,19,0
94,0.486,0.44,0.688,36,26,6,10,19,0
94,0.387,0.333,0.8,42,19,11,5,13,0
94,0.394,0.258,0.706,41,19,9,6,12,0
94,0.44,0.286,0.667,39,17,8,3,16,0
94,0.432,0.385,0.933,26,22,10,2,15,0
95,0.443,0.318,0.947,44,22,9,9,22,0
95,0.384,0.2,0.821,47,24,6,4,14,0
95,0.442,0.292,0.87,45,19,9,4,24,0
95,0.427,0.292,0.706,43,26,15,4,14,1
95,0.44,0.222,0.929,37,17,10,2,15,1
95,0.443,0.556,0.833,38,26,9,1,12,1
95,0.421,0.233,0.923,35,20,4,7,16,0
95,0.402,0.343,0.68,44,20,5,6,16,0
95,0.464,0.421,0.529,51,21,6,8,18,0
95,0.443,0.333,0.462,42,28,7,3,18,0
95,0.396,0.206,0.593,51,21,4,5,11,0
95,0.359,0.185,0.667,55,14,9,5,13,0
95,0.398,0.25,0.905,39,13,11,1,17,0
95,0.449,0.333,0.833,36,28,5,7,18,0
95,0.405,0.262,0.909,47,19,5,4,25,0
95,0.368,0.351,0.75,46,15,8,1,16,0
95,0.354,0.186,0.704,36,18,15,2,11,0
95,0.37,0.273,0.9,52,17,5,8,12,1
95,0.5,0.227,0.75,34,22,7,9,13,1
95,0.458,0.273,0.769,31,17,14,4,16,0
95,0.361,0.276,0.81,57,17,4,3,14,0
95,0.41,0.345,0.63,41,21,6,9,16,0
95,0.424,0.333,0.813,44,21,7,4,9,1
95,0.391,0.179,0.696,54,18,10,3,19,0
95,0.418,0.393,0.783,35,19,7,7,15,0
95,0.386,0.227,0.88,44,14,6,0,12,0
95,0.39,0.318,0.8,36,18,5,1,13,0
95,0.419,0.323,0.929,40,24,4,3,17,0
95,0.434,0.241,0.667,42,24,7,10,17,0
95,0.455,0.19,0.677,42,22,12,6,24,0
95,0.417,0.259,0.692,44,10,13,9,12,1
95,0.387,0.313,0.722,60,21,8,11,13,1
95,0.419,0.185,0.75,51,19,5,5,20,0
95,0.468,0.286,0.567,48,22,3,8,16,0
95,0.444,0.235,0.579,40,20,7,4,10,0
95,0.432,0.4,0.85,37,24,9,7,20,0
95,0.321,0.233,0.722,49,19,10,6,8,0
95,0.394,0.25,0.56,57,19,5,6,16,0
96,0.404,0.263,0.737,53,20,7,6,18,0
96,0.402,0.225,0.9,47,16,5,3,12,0
96,0.345,0.143,0.892,38,20,9,7,17,0
96,0.427,0.25,0.704,33,18,6,6,13,0
96,0.432,0.333,0.474,49,26,6,8,20,0
96,0.417,0.273,0.875,47,21,6,0,14,0
96,0.407,0.346,0.722,49,25,8,4,8,1
96,0.425,0.3,0.815,44,22,13,5,16,0
96,0.402,0.31,0.75,40,23,9,3,12,0
96,0.4,0.433,0.688,43,23,3,2,14,0
96,0.411,0.242,0.7,52,22,6,8,9,1
96,0.371,0.29,0.724,54,24,6,7,12,0
96,0.371,0.419,0.688,43,21,8,6,10,0
96,0.393,0.391,0.654,42,20,7,3,12,0
96,0.475,0.45,0.688,49,19,6,7,23,0
96,0.459,0.32,0.8,45,23,3,2,14,1
96,0.447,0.364,0.75,41,20,10,7,25,0
96,0.408,0.297,0.714,41,29,3,5,11,0
96,0.407,0.361,0.765,38,26,12,5,11,0
96,0.472,0.458,0.85,48,18,7,10,22,1
96,0.435,0.25,0.625,49,18,9,6,16,1
96,0.461,0.273,0.833,45,22,10,6,18,1
96,0.398,0.394,0.818,40,24,12,8,16,0
96,0.372,0.435,0.815,44,23,14,4,17,0
96,0.395,0.303,0.71,40,22,7,4,15,0
96,0.432,0.171,0.69,40,22,9,7,21,0
96,0.372,0.25,0.95,51,23,8,6,17,0
96,0.42,0.276,0.7,48,16,6,1,18,0
96,0.422,0.304,0.792,43,16,7,4,18,0
96,0.39,0.281,0.767,49,19,7,6,15,1
96,0.446,0.5,0.741,46,17,3,5,16,1
96,0.392,0.265,0.611,53,17,9,2,16,0
96,0.46,0.333,0.778,40,28,10,8,21,0
96,0.422,0.31,0.65,45,21,13,5,19,1
96,0.405,0.289,0.773,32,22,6,7,10,0
96,0.462,0.273,0.789,35,28,5,1,19,0
96,0.402,0.316,0.952,46,16,3,3,13,0
97,0.422,0.182,0.75,48,14,11,2,12,1
97,0.382,0.35,0.833,50,19,11,9,7,0
97,0.42,0.37,0.867,43,22,6,4,11,0
97,0.414,0.261,0.864,51,21,3,7,18,0
97,0.429,0.269,0.75,38,22,13,3,11,0
97,0.421,0.296,0.5,43,26,8,6,19,0
97,0.409,0.333,0.591,56,21,6,11,20,0
97,0.419,0.267,0.708,52,12,10,7,19,0
97,0.372,0.469,0.818,35,17,10,1,15,0
97,0.384,0.314,0.741,44,19,11,1,16,0
97,0.39,0.286,0.742,52,23,9,4,24,0
97,0.533,0.217,0.706,35,20,8,6,15,0
97,0.422,0.276,0.76,34,21,9,5,8,0
97,0.415,0.333,0.783,43,23,8,6,16,1
97,0.418,0.256,0.667,43,22,6,6,13,0
97,0.435,0.31,0.737,38,23,8,4,16,0
97,0.422,0.281,0.8,43,24,9,8,14,0
97,0.394,0.25,0.563,50,17,5,2,8,0
97,0.409,0.375,0.545,39,22,9,2,13,0
97,0.402,0.406,0.737,48,20,3,5,14,0
97,0.402,0.4,0.714,53,25,11,6,24,1
97,0.477,0.2,0.756,46,16,6,1,28,0
97,0.434,0.364,0.813,52,25,14,6,23,1
97,0.422,0.333,0.636,57,19,7,5,17,1
98,0.418,0.393,0.786,42,30,6,2,13,0
98,0.417,0.313,0.72,38,26,12,6,17,0
98,0.42,0.359,0.714,55,21,5,4,16,1
98,0.4,0.174,0.788,44,20,7,2,6,0
98,0.36,0.268,0.694,51,19,8,9,23,0
98,0.402,0.286,0.588,56,23,10,4,15,0
98,0.404,0.333,0.684,49,24,5,3,9,1
98,0.363,0.278,0.759,41,19,4,4,8,0
98,0.427,0.394,0.833,42,23,7,2,12,1
98,0.432,0.4,0.632,41,22,8,3,15,0
98,0.409,0.364,0.778,34,22,12,3,20,0
98,0.421,0.323,0.615,50,26,5,6,14,0
98,0.38,0.364,0.762,43,23,7,2,14,0
98,0.396,0.261,0.8,54,24,9,9,16,1
98,0.44,0.5,0.714,43,19,7,5,18,1
98,0.398,0.286,0.839,39,19,11,5,12,0
98,0.43,0.207,0.857,40,16,12,8,9,1
98,0.411,0.368,0.586,43,14,9,4,13,0
98,0.371,0.25,0.81,48,28,11,4,15,0
98,0.371,0.241,0.806,49,16,5,8,16,0
98,0.456,0.412,0.75,42,27,7,4,21,0
98,0.402,0.286,0.842,42,22,10,4,16,0
98,0.442,0.367,0.579,41,27,5,19,8,0
98,0.359,0.231,0.652,54,22,9,5,10,0
98,0.426,0.293,0.667,43,30,6,4,18,0
98,0.468,0.4,0.857,45,29,8,11,16,1
98,0.449,0.289,0.63,46,23,11,4,15,1
98,0.393,0.242,0.909,45,16,11,3,17,0
98,0.429,0.381,0.667,53,15,5,6,12,0
98,0.444,0.243,0.708,52,18,10,4,15,1
98,0.396,0.29,0.765,46,18,9,7,12,0
98,0.447,0.319,0.938,39,23,9,6,17,1
98,0.44,0.308,0.556,49,20,3,4,16,0
98,0.456,0.241,0.792,40,22,4,6,19,0
98,0.398,0.286,0.833,47,21,3,9,14,0
99,0.355,0.3,0.727,53,19,10,5,14,1
99,0.391,0.194,0.769,49,26,4,2,12,0
99,0.514,0.32,0.882,39,25,3,3,12,1
99,0.385,0.321,0.889,45,24,8,2,14,0
99,0.415,0.4,0.579,57,22,9,4,15,0
99,0.432,0.276,0.833,45,27,6,2,12,1
99,0.404,0.306,0.706,57,25,8,5,13,1
99,0.453,0.29,1.0,48,21,2,2,18,0
99,0.416,0.417,0.769,48,27,4,4,15,0
99,0.389,0.229,0.773,41,25,12,3,13,1
99,0.425,0.258,0.654,33,17,12,11,8,0
99,0.407,0.364,0.765,49,23,11,5,19,1
99,0.4,0.256,0.68,53,20,4,2,17,0
99,0.47,0.286,0.591,40,23,3,3,14,0
99,0.419,0.314,0.889,38,25,11,5,20,0
99,0.42,0.243,0.8,44,21,5,4,13,0
99,0.414,0.292,0.769,37,16,9,3,15,0
99,0.404,0.353,0.882,37,20,5,8,11,0
99,0.458,0.258,0.6,38,24,9,8,6,0
99,0.449,0.296,0.55,38,23,14,3,10,0
99,0.493,0.333,0.682,41,27,6,8,16,0
99,0.463,0.5,0.9,44,24,7,8,18,0
99,0.354,0.333,0.767,41,20,6,3,8,0
99,0.409,0.233,0.762,43,20,15,9,9,1
99,0.467,0.423,0.9,43,16,9,4,21,1
99,0.482,0.435,0.583,35,24,8,6,9,0
99,0.416,0.313,0.682,44,21,7,1,17,0
99,0.406,0.2,0.737,41,26,10,4,11,0
99,0.402,0.37,0.833,40,20,15,5,13,1
99,0.442,0.28,0.842,44,25,2,5,16,0
99,0.5,0.333,0.941,34,22,7,4,14,0
99,0.415,0.341,0.857,45,24,6,11,11,0
99,0.432,0.267,0.95,55,15,5,4,10,1
99,0.476,0.296,0.722,44,23,7,5,12,1
99,0.438,0.308,0.722,34,20,17,6,17,0
99,0.444,0.519,0.867,47,22,10,6,19,1
99,0.5,0.44,0.75,31,27,11,2,16,0
99,0.437,0.323,0.813,43,25,5,4,15,0
99,0.476,0.389,0.667,38,20,7,5,11,1
99,0.407,0.278,0.95,37,16,10,7,17,0
99,0.398,0.167,0.683,44,16,8,3,17,0
99,0.376,0.289,0.714,39,25,8,4,5,0
99,0.396,0.256,0.727,48,28,10,8,17,0
100,0.438,0.414,0.857,40,15,6,7,12,1
100,0.451,0.211,0.875,42,26,8,2,10,0
100,0.426,0.4,0.8,38,29,4,5,15,0
100,0.468,0.391,0.68,47,19,6,4,14,1
100,0.448,0.414,0.833,42,15,6,3,16,0
100,0.402,0.29,0.708,46,21,11,6,15,0
100,0.388,0.324,0.722,55,20,5,3,18,1
100,0.437,0.25,0.692,38,21,4,6,12,0
100,0.364,0.171,0.88,52,17,8,6,22,0
100,0.453,0.318,0.571,33,23,8,2,11,0
100,0.466,0.389,0.733,44,20,6,4,14,0
100,0.432,0.29,0.652,49,27,4,3,15,0
100,0.452,0.208,0.733,40,23,9,5,14,0
100,0.416,0.259,0.594,54,24,8,9,17,0
100,0.413,0.286,0.737,48,22,6,5,12,0
100,0.41,0.333,0.7,49,19,4,8,9,1
100,0.424,0.241,0.833,38,22,3,6,18,0
100,0.439,0.385,0.722,50,30,3,8,17,1
100,0.448,0.308,0.737,39,28,11,1,13,0
100,0.396,0.343,0.8,47,21,4,5,17,0
100,0.438,0.333,0.733,50,21,8,6,14,0
100,0.477,0.222,0.8,50,25,5,11,13,1
100,0.433,0.211,0.8,58,18,2,5,12,0
100,0.465,0.125,0.556,45,31,9,2,12,0
100,0.366,0.22,0.821,40,13,8,6,17,0
100,0.427,0.429,0.72,43,26,11,9,12,1
100,0.451,0.414,0.667,31,25,14,6,15,0
100,0.426,0.321,0.611,46,25,7,6,18,0
100,0.453,0.389,0.8,55,22,4,2,21,1
100,0.468,0.292,0.724,41,20,7,2,15,0
100,0.456,0.313,0.818,43,24,7,8,17,1
100,0.425,0.314,0.75,32,27,8,6,10,0
100,0.513,0.435,0.667,42,20,8,2,18,0
100,0.474,0.304,0.724,30,19,13,3,13,0
100,0.468,0.389,0.56,39,21,3,5,14,0
100,0.433,0.333,0.75,40,17,6,1,20,0
100,0.436,0.345,0.786,47,21,7,5,19,1
100,0.407,0.188,0.571,47,21,11,4,10,1
100,0.488,0.185,0.682,39,28,9,5,19,0
100,0.432,0.303,0.7,38,28,7,5,9,0
100,0.363,0.27,0.649,45,21,12,6,15,0
101,0.481,0.357,0.81,38,19,10,3,15,0
101,0.432,0.38,0.75,51,24,5,5,16,1
101,0.386,0.288,0.818,38,24,10,0,12,0
101,0.488,0.31,0.571,48,24,7,4,19,0
101,0.45,0.457,0.52,42,25,5,3,17,0
101,0.429,0.333,0.6,54,21,5,6,22,0
101,0.438,0.259,0.588,49,23,5,4,15,0
101,0.422,0.405,0.7,38,21,6,4,14,0
101,0.415,0.324,0.75,51,25,4,10,10,1
101,0.443,0.346,0.824,47,22,5,8,10,0
101,0.412,0.316,0.76,46,22,6,0,13,0
101,0.392,0.286,0.917,49,20,11,5,11,0
101,0.443,0.308,0.852,37,20,7,6,15,0
101,0.456,0.348,0.778,45,24,7,6,16,1
101,0.439,0.345,0.76,46,21,6,2,17,0
101,0.435,0.259,0.7,51,23,9,2,14,1
101,0.389,0.323,0.68,48,29,11,9,15,0
101,0.43,0.357,0.75,42,22,6,3,14,0
101,0.427,0.381,0.739,52,18,5,2,13,1
101,0.46,0.37,0.688,50,22,12,2,27,0
101,0.404,0.304,0.815,48,18,9,2,11,0
101,0.464,0.342,0.833,40,13,6,5,12,0
101,0.434,0.4,0.591,42,23,7,3,10,1
101,0.463,0.24,0.633,39,24,11,4,10,0
101,0.468,0.364,0.76,46,20,9,6,10,1
101,0.409,0.25,0.762,37,28,5,1,14,0
101,0.389,0.25,0.895,41,17,5,2,15,0
101,0.477,0.417,0.636,43,24,3,9,9,0
101,0.387,0.231,0.588,61,22,6,4,9,1
101,0.409,0.25,0.741,49,17,5,5,16,0
101,0.42,0.333,0.708,34,22,13,3,12,0
101,0.427,0.286,0.84,52,28,7,4,14,1
101,0.442,0.368,0.688,33,26,3,3,8,0
101,0.427,0.214,0.862,46,25,4,8,16,0
101,0.476,0.321,0.667,48,17,10,6,19,1
101,0.443,0.281,0.846,40,24,8,3,18,0
101,0.481,0.269,0.842,37,25,5,5,18,0
101,0.414,0.316,0.412,59,23,11,3,16,1
101,0.458,0.333,0.762,30,31,8,8,10,0
101,0.432,0.413,0.667,45,23,6,8,14,0
101,0.43,0.48,0.875,35,18,6,6,17,0
101,0.384,0.344,0.727,45,19,7,1,12,1
101,0.424,0.212,0.917,47,24,9,12,15,1
101,0.414,0.343,0.63,46,23,8,1,16,0
101,0.404,0.389,0.7,49,29,4,6,16,0
101,0.437,0.333,0.704,41,14,7,3,17,0
101,0.392,0.273,0.727,52,16,4,5,17,0
102,0.455,0.241,0.625,45,17,7,2,13,0
102,0.479,0.273,0.5,40,27,11,4,9,0
102,0.414,0.324,0.783,39,20,6,3,16,1
102,0.411,0.346,0.76,46,18,11,5,14,1
102,0.432,0.375,0.952,30,24,6,5,18,0
102,0.436,0.37,0.833,49,25,11,8,14,1
102,0.446,0.306,0.643,47,28,7,2,18,0
102,0.4,0.269,0.844,40,19,8,9,16,0
102,0.422,0.308,0.857,50,20,5,5,15,0
102,0.486,0.345,0.846,28,20,5,1,14,0
102,0.407,0.306,0.739,41,21,10,8,12,0
102,0.412,0.28,0.882,47,24,8,7,11,0
102,0.413,0.308,0.72,49,29,11,9,9,1
102,0.427,0.289,0.875,37,22,13,3,20,0
102,0.419,0.378,0.696,46,20,6,6,15,0
102,0.476,0.304,0.714,34,24,7,2,15,0
102,0.419,0.368,0.765,49,21,7,3,29,0
102,0.433,0.31,0.938,34,22,12,7,17,0
102,0.459,0.345,0.824,52,29,5,4,20,1
102,0.375,0.366,0.724,42,25,10,5,10,1
102,0.372,0.324,0.839,39,16,13,7,17,1
102,0.418,0.286,0.696,57,22,6,4,19,1
102,0.402,0.361,0.905,50,24,7,2,16,0
102,0.488,0.429,0.524,46,23,5,5,15,0
102,0.455,0.314,0.786,49,26,7,5,21,0
102,0.452,0.292,0.826,48,20,7,6,19,0
102,0.396,0.419,0.708,50,20,8,8,13,1
102,0.519,0.308,0.667,38,19,8,3,13,1
102,0.459,0.231,0.857,44,23,6,5,15,0
102,0.465,0.308,0.737,39,18,8,8,9,1
102,0.418,0.311,0.846,46,26,2,4,19,0
102,0.443,0.381,0.706,36,16,8,3,10,0
102,0.45,0.519,0.593,38,27,6,6,24,0
102,0.397,0.333,0.9,49,14,3,4,25,0
102,0.482,0.2,0.778,37,22,13,9,22,0
102,0.448,0.324,0.867,40,22,11,5,15,1
102,0.516,0.438,0.846,37,25,7,3,25,1
102,0.419,0.344,0.76,45,23,10,2,13,1
102,0.437,0.412,0.8,44,23,8,1,14,1
103,0.449,0.355,0.8,53,24,2,10,15,1
103,0.438,0.344,0.7,47,26,6,7,16,0
103,0.427,0.432,0.846,45,27,7,6,15,1
103,0.468,0.37,0.833,57,28,5,8,12,1
103,0.449,0.318,0.634,39,22,6,5,13,0
103,0.488,0.346,1.0,42,29,10,10,13,1
103,0.446,0.321,0.545,32,28,10,3,14,0
103,0.427,0.167,0.862,36,15,7,7,13,0
103,0.475,0.333,0.714,39,20,8,7,13,1
103,0.432,0.333,0.833,40,20,7,5,18,0
103,0.437,0.433,0.7,44,20,4,4,21,0
103,0.453,0.3,0.696,44,23,5,3,14,0
103,0.459,0.524,0.583,41,23,11,2,12,1
103,0.449,0.4,0.722,39,30,5,5,13,1
103,0.393,0.444,0.808,43,19,9,1,14,0
103,0.422,0.25,0.679,46,19,7,3,8,0
103,0.471,0.333,0.706,50,32,2,2,16,1
103,0.477,0.333,0.526,35,28,7,7,11,0
103,0.43,0.237,0.667,39,17,15,2,11,0
103,0.474,0.269,0.828,36,24,11,2,17,0
103,0.389,0.45,0.652,47,29,10,3,13,0
103,0.432,0.25,0.731,37,24,9,5,11,0
103,0.483,0.176,0.875,41,24,10,5,13,0
103,0.447,0.385,0.857,37,26,13,15,16,0
103,0.4,0.323,0.944,48,18,10,9,12,0
103,0.452,0.241,0.833,42,25,5,5,18,0
103,0.46,0.268,1.0,41,28,11,5,17,0
103,0.439,0.5,0.714,42,22,11,7,14,1
103,0.486,0.364,0.767,44,22,5,2,16,1
103,0.395,0.256,0.735,46,20,9,4,16,0
103,0.374,0.364,0.844,56,17,4,5,10,1
103,0.425,0.294,0.613,48,20,10,11,14,1
103,0.427,0.318,0.867,43,21,4,5,9,0
103,0.472,0.4,0.833,40,29,12,4,14,1
103,0.443,0.269,0.783,36,18,8,8,18,0
103,0.449,0.375,0.733,42,25,9,2,17,0
103,0.468,0.303,0.655,49,18,11,7,20,1
103,0.462,0.379,0.769,35,24,10,6,13,0
103,0.365,0.273,0.789,51,21,5,4,10,0
103,0.411,0.297,0.9,50,21,13,1,20,1
103,0.435,0.381,0.875,42,26,2,1,12,0
103,0.494,0.321,0.632,48,32,8,0,17,1
103,0.487,0.385,0.944,50,19,3,3,18,1
103,0.389,0.257,0.833,48,19,3,8,9,0
103,0.461,0.333,0.867,30,18,11,1,9,0
103,0.453,0.265,0.889,45,24,8,1,21,0
103,0.402,0.36,0.848,47,21,8,2,15,1
103,0.424,0.25,0.864,46,21,5,5,17,1
104,0.481,0.286,0.759,44,23,7,0,13,0
104,0.437,0.296,0.714,44,28,5,3,12,0
104,0.404,0.28,0.708,55,25,6,5,13,0
104,0.405,0.244,0.788,42,19,7,2,15,0
104,0.43,0.379,0.792,47,15,9,8,23,0
104,0.457,0.269,0.65,46,21,8,9,10,0
104,0.479,0.361,0.778,33,21,5,1,18,0
104,0.418,0.222,0.733,54,22,5,4,17,0
104,0.384,0.4,0.828,47,27,8,5,12,1
104,0.466,0.289,0.688,37,30,13,7,15,0
104,0.379,0.382,0.813,48,20,10,5,17,0
104,0.424,0.382,0.867,52,26,5,3,8,1
104,0.396,0.212,0.806,48,21,5,8,15,0
104,0.474,0.5,0.773,50,24,8,2,18,1
104,0.486,0.5,0.793,38,25,7,5,17,0
104,0.414,0.378,0.667,49,27,8,5,11,1
104,0.429,0.353,0.711,42,21,7,5,20,1
104,0.463,0.313,0.741,39,26,18,7,19,1
104,0.411,0.333,0.786,52,19,8,6,20,0
104,0.446,0.321,0.765,45,25,7,5,15,0
104,0.518,0.414,0.5,35,28,10,6,12,0
104,0.431,0.296,0.5,53,27,8,6,13,0
104,0.443,0.4,0.8,45,25,3,2,16,0
104,0.415,0.273,0.739,44,19,11,4,14,0
104,0.507,0.52,0.682,44,18,7,4,26,0
104,0.437,0.4,0.857,44,20,1,4,14,0
104,0.414,0.385,0.85,45,22,6,7,13,1
104,0.47,0.308,0.6,40,22,8,2,13,0
104,0.453,0.319,0.846,36,20,5,3,12,0
104,0.408,0.364,0.8,40,27,7,1,10,0
104,0.488,0.292,0.565,50,25,8,11,18,1
104,0.432,0.333,0.563,38,26,12,2,16,0
104,0.446,0.333,0.667,45,20,8,6,9,0
104,0.468,0.385,0.645,42,22,9,10,18,0
104,0.422,0.2,0.676,48,15,9,5,4,1
104,0.477,0.357,0.923,42,19,8,3,18,0
104,0.457,0.194,0.857,46,24,8,5,14,0
104,0.481,0.32,0.857,40,21,4,7,9,1
104,0.432,0.258,0.769,53,17,6,4,12,1
104,0.455,0.306,0.591,51,21,8,3,18,1
104,0.446,0.417,0.706,48,24,3,5,11,1
104,0.436,0.394,0.692,36,22,8,3,12,0
104,0.463,0.364,0.75,42,23,9,2,21,0
104,0.425,0.167,0.794,47,18,5,4,13,0
104,0.489,0.2,0.588,49,23,9,3,20,0
104,0.5,0.458,0.583,45,27,12,3,13,1
104,0.446,0.25,0.684,52,22,9,5,10,1
104,0.475,0.4,0.87,51,17,4,4,20,1
104,0.418,0.321,0.76,43,24,6,3,13,0
104,0.392,0.185,0.821,45,18,7,3,14,0
104,0.418,0.3,0.615,52,25,7,9,17,0
104,0.415,0.28,0.613,51,20,7,7,12,1
104,0.4,0.368,0.744,49,17,4,0,16,0
105,0.519,0.529,0.706,55,24,3,7,12,1
105,0.394,0.192,0.867,47,16,11,6,11,0
105,0.449,0.37,0.75,46,25,8,5,17,0
105,0.389,0.346,0.759,44,20,13,2,20,0
105,0.449,0.318,0.9,36,24,7,3,9,0
105,0.536,0.346,0.6,43,31,8,5,10,1
105,0.468,0.353,0.792,41,22,4,7,11,1
105,0.494,0.368,0.765,50,21,13,6,20,1
105,0.513,0.421,0.81,40,26,6,3,13,1
105,0.472,0.3,0.632,43,31,10,7,10,1
105,0.447,0.324,0.857,36,24,9,4,17,0
105,0.467,0.304,0.75,49,26,7,4,21,0
105,0.472,0.324,0.75,39,29,8,3,12,0
105,0.506,0.286,0.643,39,28,5,5,20,0
105,0.451,0.333,0.727,43,29,8,7,14,0
105,0.527,0.346,0.692,50,19,8,7,19,1
105,0.435,0.293,0.929,49,28,8,6,20,0
105,0.473,0.357,0.636,45,27,3,3,12,0
105,0.494,0.433,0.833,36,26,9,6,9,1
105,0.43,0.323,0.7,34,24,8,5,10,0
105,0.429,0.289,0.917,50,21,2,5,15,1
105,0.42,0.367,0.667,54,20,4,4,17,0
105,0.457,0.235,0.75,44,24,8,4,14,0
105,0.476,0.44,0.8,44,18,7,2,18,0
105,0.457,0.359,0.773,49,21,8,3,24,1
105,0.429,0.29,0.818,46,18,6,4,13,0
105,0.443,0.3,0.833,57,24,12,6,17,1
105,0.422,0.368,0.652,38,20,5,4,15,0
105,0.466,0.4,0.647,33,28,8,0,12,0
105,0.479,0.351,0.88,36,23,5,2,14,1
105,0.506,0.321,0.783,40,22,11,6,14,1
105,0.447,0.324,0.769,50,29,9,7,17,0
105,0.44,0.438,0.818,40,25,12,7,12,0
105,0.393,0.314,0.828,41,25,9,7,15,0
105,0.449,0.413,0.857,43,32,7,6,18,1
105,0.438,0.344,0.696,41,17,7,2,10,0
105,0.442,0.5,0.75,43,22,5,4,15,1
105,0.437,0.279,0.81,43,27,9,4,21,0
105,0.489,0.318,0.909,32,25,7,5,16,0
105,0.443,0.25,0.792,41,15,11,6,14,0
105,0.453,0.357,0.85,41,24,4,4,13,0
105,0.411,0.333,0.708,54,26,6,9,18,1
105,0.382,0.382,0.933,46,18,3,2,3,0
105,0.461,0.348,0.75,41,19,2,10,7,0
105,0.477,0.348,0.722,31,27,10,5,15,0
105,0.472,0.419,0.889,43,33,2,7,14,0
105,0.42,0.267,0.852,50,17,6,3,17,0
105,0.385,0.357,0.833,56,18,4,8,11,1
105,0.417,0.5,0.625,44,25,10,5,16,0
105,0.402,0.321,0.9,36,14,10,1,3,0
105,0.433,0.297,0.714,55,21,7,5,15,1
106,0.446,0.346,0.682,41,31,3,3,7,0
106,0.367,0.281,0.861,39,20,10,6,11,0
106,0.451,0.269,0.714,51,23,5,4,15,1
106,0.455,0.293,0.933,39,18,8,5,15,0
106,0.452,0.387,0.692,52,21,9,9,14,1
106,0.442,0.29,0.724,52,22,7,3,10,1
106,0.375,0.316,0.88,52,21,6,3,14,0
106,0.415,0.317,0.938,33,26,9,1,13,0
106,0.448,0.31,0.95,55,26,4,4,17,0
106,0.472,0.324,0.688,41,27,6,4,10,0
106,0.464,0.364,0.889,47,26,6,5,16,1
106,0.488,0.321,0.679,36,29,8,5,14,1
106,0.457,0.389,0.6,43,24,8,6,10,1
106,0.463,0.381,0.759,50,27,3,4,16,1
106,0.394,0.325,0.76,47,25,9,8,11,1
106,0.409,0.342,0.778,39,19,9,4,16,0
106,0.413,0.308,0.783,45,28,2,5,9,0
106,0.469,0.294,0.69,48,21,5,6,13,1
106,0.414,0.35,0.588,48,24,7,11,11,0
106,0.46,0.208,0.875,48,22,7,8,17,0
106,0.449,0.325,0.765,43,26,8,6,15,0
106,0.443,0.359,0.875,37,22,8,5,17,0
106,0.43,0.296,0.774,46,23,12,3,24,0
106,0.488,0.364,0.857,44,24,5,3,13,1
106,0.473,0.417,0.769,59,25,7,2,17,1
106,0.43,0.364,0.783,53,20,5,5,8,1
106,0.47,0.231,0.667,49,31,7,5,10,1
106,0.468,0.433,0.826,43,19,8,2,16,1
106,0.463,0.378,0.947,46,25,8,4,24,1
106,0.452,0.324,0.611,44,35,12,4,13,0
106,0.458,0.516,0.706,41,28,5,3,22,0
106,0.436,0.407,0.929,43,21,7,7,12,0
106,0.43,0.357,0.688,51,33,9,11,18,1
106,0.439,0.314,0.692,60,22,8,2,20,1
106,0.429,0.304,0.667,45,26,7,4,18,0
106,0.449,0.393,0.625,49,32,9,2,20,1
106,0.488,0.269,0.84,42,15,5,5,12,1
106,0.43,0.333,0.625,46,22,10,4,13,1
106,0.477,0.483,0.667,41,32,2,3,15,0
106,0.484,0.303,0.615,39,24,8,5,18,1
106,0.432,0.351,0.846,44,25,11,4,19,0
106,0.518,0.258,0.625,48,27,10,6,23,0
106,0.494,0.379,0.625,40,22,6,1,19,0
106,0.477,0.394,0.611,42,19,5,5,17,0
106,0.435,0.444,0.727,34,21,5,7,14,0
106,0.423,0.321,0.833,41,21,5,5,12,0
107,0.398,0.379,0.765,46,23,9,9,13,0
107,0.434,0.326,0.913,44,20,7,2,13,1
107,0.385,0.359,0.792,50,22,8,3,16,0
107,0.447,0.286,0.765,46,26,12,3,12,1
107,0.436,0.333,0.889,46,25,7,5,16,0
107,0.444,0.2,0.786,43,18,7,6,12,0
107,0.465,0.267,0.76,36,24,6,4,17,0
107,0.402,0.342,0.889,49,26,1,9,9,0
107,0.494,0.333,0.688,48,25,5,6,13,0
107,0.4,0.318,0.895,56,20,6,2,18,1
107,0.414,0.415,0.65,37,23,6,5,14,0
107,0.386,0.194,0.767,48,23,12,1,12,0
107,0.443,0.292,0.927,34,20,8,3,18,0
107,0.433,0.237,0.833,55,26,6,4,17,0
107,0.472,0.394,0.714,48,29,3,7,10,1
107,0.463,0.44,0.909,48,25,4,5,15,1
107,0.526,0.429,0.619,41,27,8,4,15,1
107,0.469,0.29,0.917,38,25,8,3,11,0
107,0.494,0.4,0.9,36,26,13,7,19,1
107,0.389,0.348,0.829,34,18,10,2,11,0
107,0.463,0.308,0.676,51,21,7,4,17,1
107,0.402,0.323,0.793,49,22,6,3,14,0
107,0.436,0.276,0.63,44,28,12,2,14,1
107,0.494,0.281,0.824,37,22,5,2,13,0
107,0.448,0.2,0.793,39,21,9,6,10,0
107,0.381,0.226,0.645,64,22,8,5,11,1
107,0.424,0.258,0.913,51,21,6,2,13,0
107,0.414,0.367,0.686,50,23,5,2,17,0
107,0.467,0.538,0.643,43,24,9,7,12,1
107,0.472,0.36,0.636,51,19,11,5,17,1
107,0.488,0.296,0.708,35,20,8,3,13,0
107,0.385,0.294,0.75,36,22,13,3,5,0
107,0.5,0.36,0.667,37,33,8,10,11,1
107,0.456,0.321,0.8,51,30,6,7,16,1
107,0.462,0.333,0.714,44,21,7,2,21,0
107,0.465,0.382,0.667,49,23,4,10,14,0
107,0.473,0.5,0.857,41,28,5,2,17,0
107,0.494,0.4,0.813,44,21,9,3,17,1
107,0.435,0.267,0.864,52,26,7,8,17,1
107,0.386,0.229,0.808,55,24,6,12,9,0
107,0.47,0.421,0.75,42,30,10,7,11,1
107,0.411,0.353,0.75,55,20,4,5,16,0
107,0.446,0.382,0.75,52,24,5,5,13,1
107,0.411,0.348,0.81,48,25,7,5,16,0
107,0.442,0.375,0.931,40,21,8,5,22,0
107,0.467,0.424,0.818,43,23,6,5,12,0
107,0.512,0.32,0.714,42,22,6,6,17,0
107,0.457,0.333,0.778,47,29,6,7,17,0
107,0.4,0.196,0.947,44,28,8,7,13,0
107,0.466,0.182,0.568,39,15,10,4,13,0
107,0.402,0.34,0.808,41,20,8,4,8,1
107,0.406,0.286,0.708,46,17,10,2,15,0
107,0.411,0.438,0.792,47,29,14,6,16,1
107,0.424,0.368,0.625,48,28,12,9,23,1
107,0.402,0.289,0.759,45,26,5,9,17,0
107,0.447,0.367,0.706,55,32,5,10,15,1
107,0.506,0.29,0.833,40,22,9,9,12,0
107,0.459,0.25,0.793,38,25,6,4,16,0
107,0.506,0.364,0.619,39,29,11,10,14,1
107,0.471,0.269,0.909,42,21,8,9,11,1
107,0.409,0.268,0.909,51,26,7,3,18,0
107,0.542,0.3,0.647,41,24,10,10,15,1
107,0.424,0.471,0.722,43,27,7,6,14,0
107,0.488,0.364,0.654,51,22,8,6,15,1
107,0.486,0.464,0.71,38,28,16,3,17,1
107,0.465,0.28,0.909,39,21,9,2,18,0
107,0.413,0.4,0.792,44,22,6,6,15,0
107,0.493,0.4,0.875,55,22,2,6,22,1
107,0.379,0.333,0.786,56,20,6,9,11,1
107,0.456,0.278,0.833,45,19,7,3,24,0
108,0.446,0.424,0.87,35,25,7,5,12,0
108,0.457,0.387,0.632,44,33,9,5,14,1
108,0.427,0.292,0.781,51,17,11,7,10,1
108,0.471,0.385,0.762,49,23,3,4,16,0
108,0.419,0.619,0.793,43,23,6,5,8,1
108,0.463,0.406,0.84,33,27,5,6,11,0
108,0.419,0.441,0.724,39,18,11,6,8,1
108,0.452,0.385,0.75,33,30,6,2,13,0
108,0.448,0.286,1.0,42,26,6,4,9,0
108,0.441,0.212,0.76,46,19,9,5,14,0
108,0.398,0.222,0.867,44,18,12,6,12,0
108,0.461,0.194,0.87,46,17,9,6,12,1
108,0.477,0.296,0.8,50,20,7,9,16,0
108,0.473,0.438,0.667,32,31,5,3,9,0
108,0.446,0.241,0.905,42,20,9,2,13,0
108,0.467,0.361,0.818,45,24,7,4,8,1
108,0.46,0.3,0.733,56,22,4,9,17,1
108,0.481,0.31,0.778,38,18,9,6,13,0
108,0.429,0.321,0.636,39,26,6,0,11,0
108,0.461,0.344,0.714,50,24,10,9,14,1
108,0.493,0.318,0.829,43,26,10,3,17,1
108,0.383,0.333,0.75,53,24,13,4,13,0
108,0.452,0.407,0.722,43,28,4,3,9,0
108,0.432,0.406,0.684,53,24,8,5,17,0
108,0.471,0.217,0.793,44,27,9,2,12,0
108,0.432,0.348,0.786,39,21,9,7,12,1
108,0.389,0.352,0.714,58,22,4,3,9,1
108,0.398,0.381,0.818,52,30,7,6,16,1
108,0.419,0.421,0.625,44,27,10,5,24,0
108,0.412,0.321,0.784,42,21,7,5,7,1
108,0.455,0.432,0.8,42,28,16,4,18,1
108,0.458,0.28,0.806,42,28,5,6,16,0
108,0.456,0.438,0.6,46,24,9,7,12,1
108,0.438,0.417,0.818,58,22,4,4,14,1
108,0.439,0.31,0.542,47,28,8,5,10,0
108,0.482,0.333,0.63,56,24,10,6,17,1
108,0.458,0.2,0.757,44,20,15,5,14,1
108,0.46,0.289,0.652,38,28,10,5,18,0
108,0.396,0.333,0.844,50,16,5,5,13,0
108,0.484,0.333,0.889,46,29,7,2,10,1
108,0.452,0.355,0.929,45,31,8,5,14,1
108,0.5,0.385,0.679,31,18,5,4,16,0
108,0.452,0.278,0.778,34,24,10,7,9,0
108,0.512,0.407,0.684,35,24,8,3,19,0
108,0.434,0.231,0.769,47,21,12,11,13,1
108,0.455,0.269,0.611,56,24,7,9,16,1
108,0.44,0.29,0.781,46,25,8,4,14,1
108,0.473,0.294,0.706,49,15,9,3,23,0
108,0.413,0.324,0.7,50,29,4,5,16,0
108,0.42,0.433,0.786,40,29,5,4,6,0
108,0.432,0.423,0.75,48,21,3,3,15,1
108,0.436,0.333,0.75,39,28,4,6,12,0
108,0.429,0.316,0.889,46,20,9,2,11,0
108,0.442,0.269,0.944,58,28,7,7,21,1
109,0.483,0.32,0.652,40,27,3,3,12,0
109,0.441,0.286,0.84,46,27,6,8,8,0
109,0.476,0.333,0.92,42,20,12,9,15,1
109,0.46,0.385,0.905,42,23,8,8,11,0
109,0.423,0.361,0.778,42,25,2,3,3,0
109,0.506,0.412,0.542,46,25,4,6,14,0
109,0.488,0.333,0.71,47,21,4,3,14,0
109,0.451,0.357,0.708,43,25,5,3,9,1
109,0.405,0.273,0.681,60,19,5,2,20,1
109,0.448,0.304,0.75,36,25,8,3,12,0
109,0.5,0.444,0.733,44,30,6,9,11,1
109,0.429,0.3,0.778,46,18,9,8,16,0
109,0.459,0.455,0.643,41,24,8,1,12,0
109,0.43,0.342,0.88,55,18,5,7,17,1
109,0.442,0.238,0.852,38,20,7,1,10,0
109,0.435,0.432,0.864,48,20,12,5,18,1
109,0.449,0.45,0.882,29,16,9,1,13,0
109,0.376,0.375,0.844,46,19,4,7,19,0
109,0.4,0.364,0.862,43,20,5,5,11,0
109,0.432,0.29,0.857,50,30,6,5,12,0
109,0.429,0.278,0.789,41,24,8,2,12,0
109,0.456,0.382,0.923,45,25,6,2,20,1
109,0.435,0.346,0.867,38,20,7,3,14,0
109,0.471,0.292,0.917,45,21,7,4,13,1
109,0.425,0.295,0.4,59,36,10,9,15,0
109,0.449,0.188,0.676,51,22,9,8,8,1
109,0.439,0.3,0.667,52,23,12,11,15,0
109,0.43,0.323,0.806,35,22,2,2,8,0
109,0.506,0.324,0.933,48,29,8,6,20,1
109,0.539,0.5,0.773,50,29,7,7,24,1
109,0.429,0.278,0.75,41,25,9,6,11,0
109,0.451,0.321,0.813,39,19,6,2,16,0
109,0.448,0.306,0.6,42,26,15,3,21,0
109,0.422,0.423,0.759,55,25,8,6,12,1
109,0.441,0.333,0.667,46,24,6,2,14,1
109,0.396,0.25,0.759,55,26,5,5,14,0
109,0.513,0.36,0.714,51,23,2,9,15,1
109,0.488,0.333,0.941,37,26,5,7,14,0
109,0.392,0.303,0.719,50,30,10,9,8,0
109,0.448,0.406,0.476,43,28,4,9,12,0
109,0.447,0.273,0.941,47,24,6,6,12,0
109,0.549,0.351,0.692,32,23,7,6,15,1
109,0.483,0.5,0.727,34,28,5,6,13,0
109,0.456,0.25,0.75,53,17,6,2,16,0
109,0.441,0.314,0.842,42,25,10,6,15,0
109,0.471,0.238,0.8,38,20,9,8,11,0
109,0.442,0.389,0.5,44,24,6,4,15,0
109,0.469,0.348,0.786,43,29,8,4,9,1
109,0.406,0.31,0.863,45,21,11,3,18,1
109,0.379,0.2,0.786,51,25,9,7,10,0
109,0.453,0.412,0.68,54,25,4,8,13,1
109,0.471,0.25,0.815,47,18,5,4,17,0
109,0.513,0.565,0.667,34,18,6,4,19,0
110,0.494,0.432,0.609,42,27,11,1,17,1
110,0.423,0.179,0.708,54,29,15,8,14,0
110,0.441,0.25,0.826,57,20,7,5,15,1
110,0.44,0.212,0.885,38,23,13,6,12,0
110,0.416,0.382,0.885,40,22,4,1,8,0
110,0.433,0.256,0.889,43,24,6,6,13,0
110,0.444,0.414,0.947,39,18,8,4,8,1
110,0.429,0.325,0.735,41,19,7,1,11,0
110,0.483,0.355,0.765,32,33,9,5,9,0
110,0.489,0.231,0.923,40,35,5,3,13,0
110,0.536,0.28,0.722,38,29,9,1,17,0
110,0.418,0.389,0.741,41,29,7,2,12,0
110,0.427,0.324,0.821,42,22,7,11,13,0
110,0.457,0.367,0.833,48,15,5,7,19,0
110,0.435,0.346,0.84,48,27,6,7,7,1
110,0.432,0.356,0.72,52,23,6,11,13,1
110,0.43,0.282,0.792,50,23,7,5,15,1
110,0.476,0.379,0.808,47,22,7,4,17,0
110,0.476,0.333,0.781,42,24,12,6,12,1
110,0.457,0.321,0.75,47,27,7,2,9,1
110,0.362,0.325,0.913,54,20,7,4,15,1
110,0.476,0.375,0.767,40,20,5,5,11,0
110,0.511,0.4,0.667,51,24,4,5,13,1
110,0.467,0.325,0.565,48,21,6,4,14,0
110,0.434,0.325,0.694,37,26,14,1,15,0
110,0.435,0.387,0.889,42,23,10,5,10,1
110,0.404,0.257,0.724,50,15,5,0,11,0
110,0.46,0.353,0.783,45,28,9,4,13,1
110,0.484,0.306,0.611,43,24,10,6,22,0
110,0.467,0.409,0.708,40,26,13,7,12,1
110,0.528,0.357,0.917,46,26,7,7,11,1
110,0.531,0.385,0.737,35,20,4,0,18,0
110,0.478,0.406,0.75,38,30,7,8,10,1
110,0.506,0.28,0.85,52,23,10,8,17,1
110,0.442,0.375,0.773,44,23,9,5,11,0
110,0.524,0.417,0.778,42,32,11,5,25,0
110,0.469,0.448,0.7,44,21,9,5,11,1
110,0.444,0.467,0.762,34,28,11,2,11,0
110,0.432,0.308,0.71,46,21,7,7,10,0
110,0.447,0.292,0.844,52,17,9,7,18,1
110,0.429,0.444,0.952,48,28,8,6,13,1
110,0.402,0.289,0.864,43,22,9,5,11,0
110,0.443,0.364,0.769,38,25,5,5,19,0
110,0.46,0.278,0.735,54,20,3,5,13,0
110,0.415,0.28,0.806,52,20,6,1,17,0
110,0.544,0.35,0.586,39,20,10,5,18,1
110,0.451,0.5,0.889,40,22,10,5,16,0
110,0.432,0.343,0.88,43,25,3,5,11,0
110,0.423,0.171,0.727,50,20,10,5,14,0
110,0.507,0.5,0.618,39,23,9,3,11,1
110,0.482,0.385,0.857,44,22,8,7,12,1
110,0.473,0.35,0.767,38,18,6,7,25,0
110,0.442,0.296,0.963,44,21,10,3,22,0
110,0.484,0.188,0.792,49,20,7,5,13,1
110,0.526,0.393,0.586,48,21,4,5,20,1
110,0.476,0.448,0.679,51,24,7,5,13,1
110,0.435,0.286,0.897,36,23,5,5,8,0
111,0.5,0.412,0.792,50,30,4,6,15,1
111,0.385,0.385,0.733,53,20,6,10,15,0
111,0.44,0.372,0.636,44,25,6,6,11,1
111,0.413,0.324,0.75,56,22,9,12,16,1
111,0.488,0.447,0.696,41,21,6,6,17,0
111,0.436,0.323,0.684,58,23,9,8,20,1
111,0.462,0.296,0.567,51,25,5,5,17,0
111,0.494,0.361,0.7,51,34,11,4,18,1
111,0.442,0.267,0.818,49,22,4,4,18,1
111,0.4,0.31,0.815,43,27,8,4,12,0
111,0.408,0.358,0.923,37,23,5,2,11,0
111,0.414,0.379,0.737,46,18,8,7,13,0
111,0.488,0.5,0.618,47,22,5,4,13,1
111,0.476,0.41,0.789,50,20,2,4,13,1
111,0.481,0.472,0.87,35,22,7,4,16,0
111,0.414,0.375,0.933,49,23,6,4,14,0
111,0.457,0.364,0.75,36,24,9,7,11,0
111,0.529,0.318,0.667,41,23,5,3,7,1
111,0.5,0.25,0.579,42,20,1,4,15,0
111,0.494,0.333,0.792,45,23,6,4,11,1
111,0.5,0.25,0.72,39,27,8,8,14,1
111,0.476,0.353,0.864,50,27,9,8,16,1
111,0.457,0.412,0.813,36,30,4,3,8,0
111,0.475,0.517,0.69,43,26,11,5,26,0
111,0.459,0.294,0.55,57,24,11,4,9,1
111,0.471,0.355,0.69,51,25,7,5,15,1
111,0.532,0.474,0.741,25,24,13,9,17,0
111,0.426,0.32,0.885,49,18,9,6,11,1
111,0.489,0.324,0.7,40,30,5,8,12,0
111,0.439,0.27,0.6,53,27,7,4,13,1
111,0.439,0.45,0.789,40,22,9,2,18,0
111,0.467,0.313,0.773,50,29,6,4,10,1
111,0.471,0.37,0.636,49,25,7,4,17,1
111,0.423,0.29,0.8,37,21,10,5,9,0
111,0.427,0.407,0.818,56,23,8,6,17,1
111,0.538,0.313,0.556,31,23,9,5,13,0
111,0.526,0.5,0.714,52,29,6,4,17,1
111,0.494,0.31,0.667,42,22,9,5,7,1
111,0.494,0.619,0.842,46,28,7,2,15,1
111,0.443,0.4,0.75,57,27,11,6,18,1
111,0.416,0.25,0.811,49,22,10,3,18,0
111,0.432,0.367,0.686,50,25,11,4,13,1
111,0.489,0.192,0.75,35,23,10,4,19,0
111,0.439,0.343,0.65,47,22,8,2,12,1
111,0.451,0.448,0.667,46,25,10,3,20,1
111,0.495,0.321,0.615,38,19,8,3,8,0
111,0.408,0.206,0.87,59,22,7,5,14,1
111,0.418,0.278,0.905,44,22,6,7,14,0
111,0.506,0.476,0.708,46,28,3,4,15,1
111,0.402,0.31,0.8,45,19,7,6,5,0
111,0.5,0.429,0.864,37,23,7,4,11,1
111,0.467,0.441,0.857,51,27,12,5,14,1
111,0.558,0.483,0.647,38,31,9,5,16,1
111,0.483,0.357,0.773,38,31,5,6,18,0
111,0.442,0.258,0.659,40,29,10,4,12,0
111,0.442,0.25,0.875,66,15,7,1,17,1
111,0.494,0.441,0.6,38,22,5,4,12,0
111,0.512,0.3,0.778,30,27,6,4,19,0
111,0.427,0.216,0.724,49,20,12,9,10,1
111,0.524,0.458,0.7,44,28,8,5,22,0
111,0.421,0.265,0.759,40,22,4,5,16,0
111,0.42,0.364,0.893,42,14,7,8,9,0
111,0.407,0.395,0.71,54,28,6,6,15,1
111,0.465,0.37,0.643,49,23,5,2,18,0
111,0.566,0.385,0.538,57,29,2,7,20,1
112,0.465,0.364,0.69,46,25,10,3,18,1
112,0.545,0.259,0.875,36,31,5,6,11,0
112,0.424,0.281,0.862,44,25,13,7,16,0
112,0.512,0.313,0.778,36,27,2,5,17,0
112,0.453,0.263,0.64,46,31,10,5,17,0
112,0.487,0.389,0.889,45,28,3,9,17,0
112,0.506,0.258,0.714,49,23,10,6,22,1
112,0.467,0.389,0.7,45,26,9,10,18,0
112,0.443,0.381,0.783,52,25,6,3,19,1
112,0.532,0.371,0.714,32,27,15,5,22,0
112,0.441,0.351,0.85,41,25,9,4,12,0
112,0.467,0.24,0.857,49,21,8,4,24,1
112,0.543,0.4,0.75,47,24,8,3,19,1
112,0.466,0.448,0.81,41,24,9,3,5,1
112,0.5,0.359,0.737,37,31,7,5,14,0
112,0.475,0.316,0.828,49,24,6,7,17,1
112,0.43,0.356,0.733,39,18,10,7,12,0
112,0.424,0.346,0.806,45,21,9,3,12,0
112,0.465,0.385,0.833,43,23,8,4,12,0
112,0.429,0.281,0.905,46,18,6,3,9,0
112,0.469,0.375,0.556,37,31,15,5,10,0
112,0.398,0.304,0.833,40,23,11,4,11,0
112,0.45,0.325,0.9,52,29,11,16,18,1
112,0.429,0.405,0.679,49,22,6,5,14,0
112,0.488,0.32,0.815,41,23,4,6,12,0
112,0.488,0.243,0.704,43,31,11,8,10,1
112,0.474,0.316,0.842,41,17,0,5,3,0
112,0.44,0.375,0.909,36,17,12,3,14,1
112,0.5,0.484,0.708,38,25,7,4,14,1
112,0.458,0.323,0.7,52,21,5,7,14,0
112,0.512,0.409,0.75,47,29,7,8,20,1
112,0.462,0.409,0.895,37,22,5,3,12,0
112,0.439,0.297,0.75,55,23,4,7,17,0
112,0.435,0.341,0.686,31,26,11,3,21,0
112,0.579,0.423,0.722,41,31,5,9,13,1
112,0.5,0.444,0.889,36,29,10,4,17,1
112,0.474,0.469,0.697,39,19,7,6,16,0
112,0.452,0.344,0.81,57,20,4,11,15,1
112,0.551,0.5,0.882,43,26,7,3,15,1
112,0.478,0.36,0.773,45,17,4,10,14,0
112,0.467,0.25,0.72,48,28,7,4,13,1
112,0.489,0.5,0.6,45,27,5,5,16,1
112,0.473,0.346,0.833,53,26,8,8,10,1
112,0.457,0.357,0.667,51,25,12,6,22,0
112,0.43,0.417,0.767,45,21,7,4,15,0
112,0.529,0.273,0.762,44,19,7,6,14,0
112,0.519,0.467,0.933,37,28,3,8,15,0
112,0.471,0.391,0.742,36,20,10,7,17,0
112,0.478,0.36,0.882,38,25,15,4,7,1
112,0.533,0.364,0.769,31,27,5,2,10,0
112,0.426,0.348,0.889,48,26,6,5,11,1
112,0.473,0.321,0.882,51,33,10,5,11,1
112,0.506,0.281,0.722,41,31,9,6,12,0
112,0.451,0.314,0.75,39,23,10,3,14,0
112,0.465,0.294,0.647,46,18,6,5,10,1
112,0.5,0.429,0.727,43,28,11,4,12,1
112,0.506,0.44,0.625,40,24,11,5,16,1
112,0.458,0.273,0.818,47,18,12,6,14,0
112,0.437,0.367,0.733,45,16,9,3,11,1
112,0.409,0.364,0.667,42,21,7,9,8,1
112,0.442,0.367,0.702,48,15,8,7,18,1
112,0.418,0.35,0.733,47,25,7,5,23,0
112,0.465,0.333,0.783,42,22,8,7,21,0
112,0.517,0.344,0.75,44,26,9,8,17,1
112,0.481,0.345,0.8,45,21,4,5,14,1
112,0.523,0.419,0.45,39,29,7,6,16,0
112,0.483,0.429,0.733,35,28,6,6,12,0
112,0.477,0.432,0.636,40,25,6,6,20,0
112,0.461,0.324,0.704,49,21,4,11,16,0
112,0.469,0.269,0.744,40,19,7,15,14,0
112,0.446,0.421,0.636,41,21,8,9,11,0
112,0.424,0.333,0.75,37,21,8,7,12,0
112,0.43,0.44,0.724,52,22,3,4,12,1
113,0.47,0.364,0.852,48,25,9,5,18,0
113,0.443,0.439,0.654,47,28,8,4,12,1
113,0.462,0.389,0.75,52,29,6,8,13,1
113,0.438,0.219,0.875,60,19,7,9,14,1
113,0.432,0.35,0.68,44,25,10,6,17,0
113,0.426,0.256,0.68,59,29,9,7,11,1
113,0.478,0.391,0.889,50,29,5,2,11,1
113,0.46,0.351,0.8,43,25,11,7,7,1
113,0.466,0.324,0.792,49,30,11,5,19,1
113,0.442,0.348,0.84,36,24,7,3,21,0
113,0.483,0.333,0.739,36,31,8,1,6,0
113,0.443,0.375,0.92,43,19,10,8,15,1
113,0.44,0.269,0.842,44,21,5,3,12,0
113,0.455,0.353,0.955,39,25,5,1,9,0
113,0.449,0.273,0.923,39,24,12,4,13,0
113,0.488,0.545,0.75,43,28,10,3,17,1
113,0.396,0.357,0.688,65,24,9,9,16,1
113,0.561,0.348,0.722,47,30,5,6,15,1
113,0.473,0.241,0.857,46,26,7,3,14,0
113,0.518,0.4,0.895,36,23,8,4,15,0
113,0.5,0.419,0.667,33,25,5,3,8,0
113,0.462,0.2,0.706,41,18,12,0,13,0
113,0.433,0.281,0.867,56,22,11,10,19,1
113,0.443,0.439,0.733,46,19,5,4,14,1
113,0.404,0.333,0.806,49,24,11,10,11,1
113,0.469,0.387,0.806,37,28,9,3,11,0
113,0.454,0.318,0.647,54,18,9,4,20,1
113,0.419,0.382,0.667,43,28,7,5,13,0
113,0.417,0.257,0.774,53,22,6,5,14,0
113,0.488,0.333,0.714,48,25,10,7,20,1
113,0.442,0.4,0.875,47,33,7,2,7,1
113,0.473,0.4,0.75,54,31,7,4,16,1
113,0.473,0.294,0.81,51,19,7,4,13,1
113,0.484,0.321,0.842,48,27,12,3,11,1
113,0.489,0.308,0.684,51,23,8,5,15,1
113,0.512,0.276,0.633,45,30,11,4,20,0
113,0.47,0.303,0.833,53,23,10,9,20,1
113,0.384,0.371,0.895,48,20,8,9,10,1
113,0.448,0.259,1.0,49,18,8,2,11,0
113,0.43,0.276,0.864,53,25,12,3,11,1
113,0.46,0.467,0.731,41,28,11,3,12,1
113,0.449,0.297,0.759,45,28,9,3,11,0
113,0.46,0.342,0.667,43,22,20,3,20,0
113,0.483,0.39,0.619,43,27,12,3,16,1
113,0.447,0.333,0.714,42,23,8,2,14,0
113,0.461,0.342,0.947,50,26,5,4,12,1
113,0.417,0.293,0.688,53,22,8,3,13,0
113,0.442,0.407,0.857,50,16,7,5,10,1
113,0.506,0.478,0.625,41,25,7,5,18,1
113,0.506,0.257,0.815,44,22,5,8,16,0
113,0.529,0.542,0.833,60,23,5,3,20,1
113,0.396,0.36,0.682,42,28,10,2,13,0
113,0.506,0.393,0.889,46,24,6,8,12,1
113,0.489,0.419,0.556,43,27,9,4,21,1
113,0.442,0.391,0.848,42,19,6,7,18,0
113,0.482,0.31,0.733,45,20,8,3,14,0
113,0.5,0.448,0.737,40,24,5,5,23,0
113,0.471,0.393,0.833,34,25,9,5,15,0
113,0.414,0.298,0.944,64,33,7,9,19,1
113,0.462,0.45,0.952,41,27,17,2,17,1
113,0.413,0.333,0.706,52,20,10,9,18,0
113,0.525,0.4,0.864,43,25,8,6,18,1
113,0.5,0.333,0.913,57,24,6,7,21,1
113,0.388,0.366,0.88,42,21,11,7,13,0
113,0.524,0.323,0.714,44,27,4,4,20,0
113,0.455,0.345,0.867,43,22,6,2,12,0
113,0.441,0.381,0.652,40,23,6,12,12,1
113,0.416,0.333,0.813,37,20,11,9,11,0
113,0.467,0.371,0.737,49,24,3,3,13,1
113,0.392,0.343,0.735,55,25,6,5,19,1
113,0.494,0.412,0.75,57,26,5,4,21,1
114,0.408,0.378,0.64,63,32,11,2,13,1
114,0.472,0.324,0.655,46,30,5,7,14,0
114,0.536,0.395,0.818,49,31,4,1,19,1
114,0.469,0.259,0.708,41,26,6,6,8,0
114,0.432,0.413,0.704,40,28,7,7,13,1
114,0.478,0.313,0.783,45,20,7,2,17,1
114,0.411,0.25,0.763,44,10,15,10,13,1
114,0.453,0.278,0.818,52,21,7,3,20,0
114,0.465,0.308,0.688,38,22,9,5,16,0
114,0.448,0.289,0.862,46,21,11,4,13,1
114,0.406,0.316,0.8,54,19,3,5,24,0
114,0.418,0.421,0.759,51,21,5,4,12,0
114,0.557,0.353,0.69,40,27,13,4,14,1
114,0.469,0.36,0.813,46,27,10,6,11,1
114,0.438,0.467,0.818,53,35,12,4,13,1
114,0.467,0.379,0.739,48,29,10,2,10,1
114,0.462,0.321,0.826,39,29,10,9,7,0
114,0.484,0.382,0.75,45,24,8,5,14,0
114,0.458,0.174,0.815,49,22,7,4,11,1
114,0.5,0.371,0.833,47,31,7,7,13,1
114,0.413,0.375,0.793,56,25,6,4,19,0
114,0.494,0.519,0.667,40,25,9,5,17,1
114,0.537,0.423,0.833,29,24,10,8,12,1
114,0.473,0.345,0.75,54,29,4,1,16,1
114,0.426,0.293,0.786,53,26,9,6,11,1
114,0.467,0.353,0.744,36,22,13,5,14,1
114,0.483,0.302,0.63,39,23,10,6,18,0
114,0.524,0.48,0.696,39,25,15,6,21,1
114,0.434,0.342,0.577,60,28,8,6,13,1
114,0.442,0.348,0.846,64,20,6,5,16,1
114,0.488,0.3,0.656,47,23,8,3,18,1
114,0.506,0.345,0.857,35,27,9,5,15,0
114,0.478,0.355,0.81,43,23,10,3,16,0
114,0.451,0.364,0.741,46,22,9,10,9,1
114,0.462,0.325,0.81,43,31,11,7,16,1
114,0.483,0.227,0.667,43,30,6,7,14,0
114,0.506,0.448,0.773,42,22,8,5,15,0
114,0.506,0.394,0.542,31,25,9,4,13,0
114,0.481,0.419,0.818,40,19,5,6,15,0
114,0.461,0.474,0.7,39,27,8,5,10,0
114,0.484,0.441,0.786,47,32,6,4,16,1
114,0.461,0.306,0.913,53,17,10,4,22,1
114,0.523,0.381,0.64,50,20,9,11,20,1
114,0.512,0.588,0.75,39,23,12,6,20,1
114,0.537,0.429,0.647,39,25,6,8,23,0
114,0.483,0.476,0.667,37,28,5,3,15,0
114,0.5,0.4,0.8,40,29,5,7,14,0
114,0.5,0.261,0.8,44,22,8,5,19,0
115,0.475,0.412,0.621,42,22,8,4,12,1
115,0.458,0.414,0.577,53,22,13,7,13,1
115,0.472,0.308,0.676,57,16,5,7,19,0
115,0.483,0.375,0.786,33,28,5,5,11,0
115,0.543,0.345,0.654,39,33,10,3,23,0
115,0.453,0.343,0.833,42,15,4,5,12,0
115,0.471,0.458,0.688,42,22,13,8,13,1
115,0.494,0.317,0.667,40,29,12,7,7,1
115,0.419,0.357,0.846,44,19,8,9,5,0
115,0.473,0.324,0.947,44,31,4,9,10,1
115,0.457,0.367,0.833,50,22,9,2,16,1
115,0.462,0.303,0.731,46,28,6,6,12,0
115,0.54,0.406,0.8,39,32,9,6,11,1
115,0.446,0.364,0.853,53,25,8,7,15,1
115,0.448,0.333,0.788,26,21,7,7,8,0
115,0.469,0.344,0.718,47,28,6,7,19,0
115,0.5,0.385,0.786,49,26,5,6,13,0
115,0.518,0.351,0.933,48,33,6,5,19,1
115,0.5,0.359,0.538,37,29,6,3,12,0
115,0.494,0.385,0.792,48,24,6,6,13,1
115,0.461,0.417,0.846,53,27,5,10,13,0
115,0.479,0.462,0.625,51,33,7,4,9,1
115,0.5,0.438,0.81,34,26,14,3,17,0
115,0.539,0.448,0.87,35,24,4,3,16,0
115,0.511,0.4,0.789,37,31,18,7,19,1
115,0.484,0.31,0.72,48,28,7,6,17,1
115,0.592,0.4,0.867,33,34,10,9,16,1
115,0.463,0.353,0.652,53,36,7,6,9,1
115,0.5,0.48,0.821,42,27,9,4,12,1
115,0.481,0.429,0.686,40,28,6,3,15,0
115,0.506,0.516,0.684,39,27,11,3,12,1
115,0.467,0.452,0.667,41,28,6,7,15,0
115,0.484,0.412,0.684,40,27,5,4,12,1
115,0.488,0.405,0.889,40,32,10,5,12,1
115,0.463,0.341,0.833,46,25,13,4,16,1
115,0.435,0.487,0.688,47,24,8,1,12,1
115,0.465,0.524,0.75,56,21,6,7,21,1
115,0.475,0.292,0.711,48,20,5,7,13,1
115,0.475,0.387,0.844,46,22,13,7,24,1
115,0.411,0.417,0.688,46,21,6,5,7,0
115,0.484,0.385,0.615,43,30,5,6,13,0
115,0.422,0.273,0.789,47,19,8,3,12,1
115,0.486,0.426,0.719,38,18,6,5,17,1
115,0.449,0.405,0.909,52,31,10,9,11,1
115,0.443,0.395,0.909,28,31,11,3,8,0
115,0.41,0.314,0.643,60,27,8,3,19,0
115,0.387,0.269,0.897,62,20,7,6,18,0
115,0.456,0.382,0.714,47,25,5,4,13,1
115,0.483,0.258,0.676,43,26,6,6,22,0
115,0.489,0.375,0.889,53,21,5,3,16,1
115,0.439,0.475,0.667,54,26,6,8,21,0
115,0.43,0.319,0.952,41,25,8,2,16,1
115,0.472,0.2,1.0,49,22,8,7,13,1
115,0.456,0.552,0.773,49,31,7,7,16,0
115,0.48,0.25,0.611,44,28,8,10,11,0
116,0.495,0.421,0.72,49,15,8,6,11,1
116,0.426,0.353,0.857,39,25,17,2,19,0
116,0.435,0.387,0.727,58,19,4,6,12,1
116,0.459,0.229,0.769,41,20,7,3,16,0
116,0.381,0.304,0.786,59,17,2,6,14,0
116,0.489,0.345,0.762,32,26,6,7,7,0
116,0.563,0.409,0.818,42,26,15,12,19,1
116,0.5,0.393,0.656,43,29,13,5,16,1
116,0.536,0.441,0.458,48,30,3,2,16,1
116,0.396,0.339,0.708,45,22,11,5,12,0
116,0.528,0.435,0.667,41,28,8,10,18,1
116,0.485,0.278,0.667,42,34,7,6,12,0
116,0.462,0.375,0.909,51,21,9,7,15,1
116,0.429,0.25,0.8,45,22,8,4,17,1
116,0.446,0.457,0.9,39,33,11,5,9,0
116,0.5,0.458,0.793,41,24,3,4,16,1
116,0.556,0.409,0.85,35,21,5,0,12,1
116,0.482,0.375,0.893,45,25,6,2,11,1
116,0.453,0.333,0.769,54,21,10,9,20,1
116,0.484,0.296,0.833,49,26,11,5,13,1
116,0.505,0.375,0.833,43,37,13,2,14,1
116,0.436,0.27,0.818,55,25,8,8,9,1
116,0.494,0.378,0.815,38,29,9,2,16,0
116,0.516,0.429,0.769,40,30,10,2,18,0
116,0.433,0.281,0.793,43,23,6,4,4,0
116,0.5,0.458,0.724,39,29,13,6,11,1
116,0.473,0.346,0.864,60,29,3,8,15,1
116,0.511,0.4,0.696,46,25,7,5,18,0
116,0.457,0.359,0.643,46,28,9,3,14,0
116,0.443,0.405,0.657,48,27,9,5,14,1
116,0.419,0.442,0.905,49,25,6,5,17,1
116,0.532,0.4,0.87,47,27,5,8,18,1
116,0.528,0.484,0.7,49,26,5,5,9,1
116,0.494,0.343,0.75,48,29,6,8,12,1
116,0.488,0.371,0.913,46,21,8,7,15,1
116,0.433,0.393,0.724,47,28,6,4,8,0
116,0.5,0.346,0.773,40,21,8,4,11,1
116,0.455,0.259,0.725,49,18,11,5,14,1
116,0.49,0.294,1.0,36,28,9,5,13,0
116,0.433,0.276,0.828,43,20,12,4,14,0
116,0.471,0.348,0.8,50,23,2,3,12,1
116,0.506,0.389,0.75,34,24,8,4,14,1
116,0.56,0.484,0.875,38,27,9,4,16,1
116,0.468,0.387,0.696,46,27,7,8,17,0
116,0.554,0.438,0.81,36,27,9,7,10,1
116,0.482,0.364,0.737,48,14,8,5,16,1
116,0.402,0.378,0.774,56,21,6,6,16,1
116,0.412,0.385,0.929,53,18,4,8,7,1
116,0.488,0.31,0.833,45,27,8,5,21,0
116,0.453,0.267,0.733,48,15,9,9,19,1
116,0.489,0.382,0.773,61,31,3,9,16,1
116,0.452,0.314,0.913,41,28,14,5,13,1
116,0.484,0.407,0.85,50,23,10,5,13,1
116,0.463,0.378,0.609,53,25,8,4,19,1
116,0.529,0.531,0.875,40,34,9,5,10,1
116,0.43,0.25,0.75,48,22,12,8,8,1
116,0.479,0.515,0.9,46,33,8,3,10,1
116,0.506,0.333,0.808,41,26,4,3,11,0
116,0.489,0.424,0.6,43,21,6,7,10,1
117,0.505,0.357,0.789,41,28,7,5,9,1
117,0.489,0.412,0.682,57,36,5,9,12,1
117,0.448,0.452,0.862,46,26,6,3,21,0
117,0.494,0.424,0.826,42,24,9,4,18,0
117,0.462,0.347,0.696,45,26,3,6,8,1
117,0.46,0.395,0.769,42,23,5,6,13,1
117,0.483,0.324,0.864,48,27,7,6,14,0
117,0.435,0.381,0.808,47,29,8,6,21,1
117,0.452,0.29,0.727,49,26,12,11,12,1
117,0.449,0.382,0.8,53,20,7,5,19,1
117,0.5,0.455,0.906,42,23,7,5,17,1
117,0.506,0.345,0.714,49,30,5,9,18,1
117,0.505,0.429,0.727,49,22,6,8,16,0
117,0.478,0.386,0.636,44,29,17,2,11,1
117,0.483,0.75,0.882,48,25,1,6,11,1
117,0.4,0.364,0.862,50,23,6,3,9,1
117,0.431,0.341,0.833,53,26,4,5,12,0
117,0.5,0.321,0.737,50,17,6,8,18,0
117,0.441,0.387,0.885,45,20,10,6,10,1
117,0.57,0.406,0.609,46,27,5,6,17,1
117,0.454,0.413,0.667,41,24,5,5,11,1
117,0.5,0.467,0.846,49,32,7,6,15,1
117,0.477,0.5,0.708,50,34,4,7,17,0
117,0.506,0.4,0.731,43,22,4,5,16,0
117,0.506,0.348,0.773,38,29,6,3,10,1
117,0.512,0.4,0.864,47,28,6,9,11,1
117,0.461,0.359,0.7,54,24,3,3,14,1
117,0.512,0.516,0.765,47,29,8,3,13,1
117,0.446,0.345,0.81,48,25,10,5,15,1
117,0.554,0.448,0.522,49,20,7,10,17,1
117,0.468,0.231,0.821,58,26,6,9,13,0
117,0.489,0.281,0.952,40,26,11,12,16,1
117,0.446,0.316,0.742,43,28,13,4,17,0
117,0.54,0.48,0.688,50,34,7,5,16,1
117,0.485,0.36,0.933,60,28,7,4,12,1
117,0.489,0.318,0.759,49,15,11,2,14,1
117,0.466,0.294,0.862,54,28,5,6,15,1
117,0.494,0.5,0.824,49,25,3,11,17,1
117,0.483,0.366,0.727,44,18,5,3,14,1
117,0.441,0.421,0.647,59,29,7,4,15,1
117,0.46,0.333,0.829,42,12,7,2,14,0
117,0.478,0.333,0.84,41,22,5,6,14,0
117,0.441,0.424,0.913,47,24,8,10,15,0
117,0.506,0.394,0.727,41,24,8,7,12,1
117,0.512,0.419,0.842,41,26,8,6,16,1
117,0.483,0.351,0.692,35,31,12,10,12,1
117,0.506,0.542,0.957,46,29,4,4,13,1
117,0.505,0.375,0.722,43,29,7,4,9,1
117,0.446,0.436,0.846,42,30,5,8,13,1
117,0.506,0.292,0.686,43,22,16,3,15,1
117,0.557,0.346,0.909,39,30,12,1,12,1
117,0.449,0.391,0.769,46,23,11,11,11,1
117,0.443,0.345,0.806,52,21,5,5,17,1
117,0.494,0.467,0.583,40,27,9,5,19,0
117,0.516,0.368,0.667,37,17,8,3,9,0
118,0.448,0.344,0.913,48,26,9,3,11,1
118,0.511,0.296,0.762,42,25,6,5,14,0
118,0.513,0.231,0.85,41,21,7,8,13,1
118,0.484,0.344,0.652,40,26,4,3,10,0
118,0.519,0.536,0.792,34,28,9,2,14,0
118,0.462,0.333,0.875,37,23,11,3,10,1
118,0.489,0.472,0.643,45,33,7,5,9,1
118,0.447,0.25,0.903,50,18,3,4,7,0
118,0.435,0.372,0.917,49,26,13,7,15,1
118,0.511,0.41,0.8,47,32,8,2,16,1
118,0.452,0.344,0.821,44,30,12,1,12,0
118,0.442,0.406,0.955,58,32,9,8,10,1
118,0.457,0.419,0.5,52,32,6,4,16,0
118,0.527,0.571,0.714,43,19,3,3,18,0
118,0.542,0.318,0.84,46,18,11,7,12,1
118,0.494,0.317,0.76,43,19,13,2,14,1
118,0.519,0.375,1.0,39,20,4,2,10,0
118,0.512,0.438,0.692,53,21,6,5,24,1
118,0.484,0.533,0.737,50,23,10,4,15,1
118,0.482,0.37,0.929,38,27,10,4,16,0
118,0.468,0.5,0.56,52,29,5,10,12,1
118,0.463,0.357,0.714,36,29,7,2,10,0
118,0.532,0.4,0.774,37,23,8,2,9,1
118,0.437,0.357,0.684,64,30,7,1,15,1
118,0.553,0.4,0.8,46,22,7,7,13,1
118,0.538,0.379,0.643,37,29,15,5,13,0
118,0.527,0.323,0.75,45,29,8,5,7,1
118,0.537,0.35,0.692,49,22,12,4,17,1
118,0.44,0.316,0.941,53,21,10,4,14,1
118,0.471,0.333,0.667,43,26,8,10,13,0
118,0.417,0.353,0.714,49,22,1,2,10,0
118,0.536,0.333,0.783,31,28,8,2,11,0
118,0.468,0.375,0.821,49,23,4,5,24,1
118,0.465,0.405,0.767,33,26,8,1,8,0
118,0.544,0.379,0.563,26,30,3,3,9,0
118,0.464,0.222,0.8,56,29,14,3,18,1
118,0.506,0.25,0.741,47,26,16,4,12,1
118,0.474,0.408,1.0,40,30,4,4,10,0
118,0.523,0.414,1.0,35,25,6,5,17,0
118,0.471,0.386,1.0,40,30,9,3,14,1
118,0.462,0.39,0.64,41,30,9,0,13,1
118,0.517,0.407,0.833,44,20,6,4,19,0
118,0.474,0.457,0.706,43,25,8,4,12,1
118,0.584,0.429,0.667,51,24,12,6,20,1
118,0.467,0.481,0.95,42,23,12,6,14,1
118,0.527,0.395,0.625,51,23,7,3,12,1
118,0.482,0.4,0.769,41,27,6,6,18,0
118,0.548,0.241,0.731,40,26,13,4,12,1
118,0.406,0.45,0.783,49,21,4,4,10,1
118,0.473,0.37,0.619,50,27,9,8,17,1
119,0.556,0.357,0.905,32,29,9,6,14,1
119,0.451,0.2,0.741,52,31,6,3,13,0
119,0.433,0.294,0.867,37,24,11,4,14,1
119,0.454,0.368,0.706,47,24,7,7,9,1
119,0.566,0.44,0.636,41,29,13,0,23,1
119,0.525,0.424,0.808,41,21,6,5,14,1
119,0.5,0.343,0.938,48,35,10,4,16,1
119,0.46,0.325,0.788,50,29,6,2,8,1
119,0.461,0.355,0.813,42,27,12,0,13,1
119,0.449,0.391,0.724,32,32,11,0,9,0
119,0.484,0.389,0.944,47,27,4,1,21,0
119,0.489,0.472,0.875,37,31,19,8,12,1
119,0.455,0.422,0.833,49,26,9,8,10,1
119,0.454,0.342,0.75,43,25,7,7,7,1
119,0.422,0.355,0.8,42,25,9,4,10,1
119,0.544,0.35,0.813,38,24,5,5,9,1
119,0.484,0.28,0.706,46,22,9,1,15,1
119,0.374,0.297,0.829,56,20,12,4,6,1
119,0.527,0.321,0.706,40,25,7,3,13,1
119,0.483,0.462,0.697,55,25,7,7,21,1
119,0.495,0.344,0.842,52,26,4,1,12,1
119,0.467,0.444,0.767,39,25,4,2,10,0
119,0.5,0.333,0.8,47,30,8,4,14,1
119,0.5,0.36,0.8,40,31,14,8,15,0
119,0.483,0.353,0.852,42,19,11,4,12,1
119,0.512,0.344,0.833,50,30,6,5,18,1
119,0.543,0.45,0.722,41,32,5,5,14,1
119,0.487,0.407,0.78,45,21,10,3,13,1
119,0.528,0.44,0.737,48,27,5,4,11,1
119,0.488,0.273,0.738,53,24,8,1,19,1
119,0.446,0.316,0.895,51,29,6,6,16,0
119,0.453,0.367,0.857,52,26,4,3,15,1
119,0.424,0.323,0.926,49,23,10,3,17,0
119,0.455,0.464,0.765,47,25,4,5,11,0
119,0.478,0.325,0.692,44,30,17,3,18,1
119,0.488,0.44,0.828,54,28,7,7,18,1
119,0.476,0.441,0.963,50,25,4,6,18,1
119,0.494,0.385,0.688,41,22,4,10,9,1
119,0.426,0.276,0.838,44,23,7,3,13,0
119,0.419,0.324,0.769,55,16,8,6,17,0
119,0.649,0.385,0.692,24,28,13,3,15,1
119,0.506,0.321,0.828,54,28,12,6,18,1
119,0.484,0.233,0.759,46,23,10,6,15,0
120,0.506,0.424,0.706,39,23,14,7,14,1
120,0.489,0.4,0.692,47,28,10,4,21,1
120,0.479,0.325,0.833,40,29,4,4,9,0
120,0.413,0.364,0.842,50,22,8,9,14,1
120,0.426,0.467,0.813,47,24,8,3,9,1
120,0.455,0.258,0.88,53,26,7,1,14,1
120,0.44,0.35,0.821,43,27,6,3,18,0
120,0.467,0.383,0.867,38,28,13,5,11,1
120,0.514,0.414,0.872,37,24,8,2,21,0
120,0.477,0.457,0.759,45,23,9,7,12,1
120,0.537,0.361,0.731,36,28,8,5,12,1
120,0.516,0.37,0.737,43,31,3,4,16,0
120,0.535,0.424,0.737,36,26,10,3,18,0
120,0.488,0.433,0.793,46,24,3,6,13,1
120,0.495,0.444,0.737,36,27,8,6,8,0
120,0.442,0.326,0.538,51,26,11,8,10,0
120,0.489,0.306,0.676,43,25,5,2,11,0
120,0.5,0.367,0.9,47,26,8,7,19,1
120,0.431,0.303,0.88,55,24,8,3,14,1
120,0.468,0.462,1.0,53,25,8,8,17,1
120,0.573,0.481,0.867,36,24,8,6,15,0
120,0.44,0.4,0.686,46,25,7,5,16,1
120,0.47,0.519,1.0,51,34,10,7,9,1
120,0.529,0.529,0.909,51,38,8,6,18,1
120,0.478,0.4,0.8,47,26,4,4,13,1
120,0.516,0.346,0.739,54,29,6,2,11,1
120,0.495,0.538,0.889,43,27,6,4,11,1
120,0.449,0.344,0.553,47,28,14,9,14,0
120,0.458,0.389,0.818,42,20,11,2,17,0
120,0.459,0.349,0.938,54,34,7,7,13,1
120,0.513,0.4,0.786,55,26,3,6,21,1
120,0.553,0.516,0.588,42,35,7,6,15,1
120,0.469,0.29,0.905,47,20,6,7,9,1
120,0.46,0.306,0.81,43,24,8,1,9,0
120,0.5,0.407,0.739,56,26,9,4,19,1
120,0.429,0.367,0.758,54,24,8,8,15,0
120,0.541,0.276,0.714,47,23,6,6,18,1
120,0.525,0.435,0.839,52,26,8,6,23,1
120,0.449,0.387,0.645,50,24,10,8,17,1
120,0.489,0.452,0.909,43,30,5,4,12,1
120,0.477,0.5,0.758,50,22,5,3,14,1
120,0.554,0.222,0.923,47,24,7,6,14,1
120,0.426,0.316,0.733,55,26,5,3,16,1
120,0.471,0.364,0.667,48,24,8,8,18,0
120,0.494,0.333,0.875,47,28,11,7,12,1
120,0.458,0.385,0.654,56,21,7,8,13,1
120,0.442,0.231,0.633,51,23,11,9,18,0
120,0.467,0.447,0.85,55,32,6,4,16,1
121,0.525,0.148,0.684,46,25,3,4,12,0
121,0.494,0.413,0.929,36,22,6,5,16,1
121,0.466,0.464,0.743,47,28,9,4,18,1
121,0.45,0.378,0.778,40,33,11,4,6,1
121,0.505,0.341,0.846,49,35,9,8,15,1
121,0.495,0.31,0.8,44,31,10,4,14,0
121,0.544,0.5,0.765,47,31,4,5,10,1
121,0.518,0.417,0.857,48,25,6,2,16,1
121,0.457,0.273,0.839,56,21,10,5,16,1
121,0.452,0.417,0.786,44,33,15,6,12,1
121,0.511,0.29,0.8,55,27,8,9,17,1
121,0.451,0.217,0.879,40,17,11,5,12,1
121,0.5,0.375,0.762,51,31,11,2,17,1
121,0.489,0.348,0.818,55,21,9,14,13,1
121,0.438,0.32,0.75,49,28,8,7,7,1
121,0.517,0.333,0.741,30,31,13,4,15,0
121,0.521,0.462,1.0,47,30,8,1,14,1
121,0.505,0.393,0.769,53,29,7,8,9,1
121,0.518,0.515,0.941,41,30,9,4,15,1
121,0.512,0.417,0.781,43,31,12,7,20,1
121,0.529,0.435,0.704,41,19,7,5,12,0
121,0.595,0.37,0.654,43,28,7,6,13,1
121,0.48,0.341,0.6,50,30,7,5,14,1
121,0.506,0.472,0.778,41,33,8,6,20,0
121,0.417,0.341,0.85,55,21,8,4,9,1
121,0.471,0.289,0.706,53,29,5,6,10,1
121,0.467,0.357,0.758,45,24,8,0,12,0
121,0.483,0.381,0.818,49,24,14,2,20,1
121,0.435,0.333,0.718,57,27,9,6,11,1
121,0.477,0.359,0.697,42,21,6,3,12,1
121,0.539,0.5,0.65,50,34,6,11,15,1
121,0.5,0.39,0.7,47,23,8,7,14,1
121,0.479,0.292,0.846,48,26,4,2,11,0
121,0.583,0.5,0.824,39,33,13,4,16,1
121,0.527,0.5,0.75,42,16,7,1,9,1
121,0.449,0.345,0.885,47,27,7,7,16,1
121,0.527,0.48,0.647,44,35,13,3,9,1
121,0.473,0.25,0.882,49,23,11,5,17,1
121,0.571,0.5,0.615,41,27,10,7,13,1
121,0.453,0.375,0.793,49,25,7,6,13,1
121,0.5,0.286,0.929,49,32,9,4,13,1
121,0.478,0.343,0.778,42,24,8,2,16,0
121,0.5,0.345,0.826,42,27,13,3,14,1
121,0.536,0.469,0.842,46,24,5,3,12,1
121,0.543,0.559,0.875,44,35,5,2,12,1
122,0.476,0.593,0.839,34,35,9,11,11,1
122,0.489,0.476,0.842,47,21,6,4,18,0
122,0.472,0.227,0.923,48,27,8,6,13,0
122,0.563,0.4,0.828,46,28,2,3,14,1
122,0.473,0.3,0.964,45,27,11,7,11,1
122,0.548,0.278,0.833,51,25,4,5,13,1
122,0.542,0.423,0.913,41,23,5,7,13,1
122,0.467,0.297,0.794,40,27,14,4,18,0
122,0.529,0.364,0.762,30,23,6,3,10,0
122,0.447,0.286,0.7,43,25,11,2,8,1
122,0.477,0.379,0.931,52,35,6,1,19,1
122,0.495,0.438,0.5,57,33,8,2,14,1
122,0.505,0.472,0.786,42,35,9,5,12,1
122,0.505,0.379,0.905,45,29,8,8,11,1
122,0.512,0.447,0.773,52,29,5,9,17,1
122,0.462,0.478,0.862,47,27,10,5,7,1
122,0.457,0.314,0.625,55,32,10,4,10,1
122,0.51,0.311,0.833,49,36,9,10,16,1
122,0.463,0.4,0.889,57,31,9,4,12,1
122,0.549,0.35,0.714,45,18,4,6,10,1
122,0.447,0.25,0.686,46,22,13,3,10,1
122,0.553,0.514,0.769,40,31,10,3,21,1
122,0.506,0.261,0.903,49,27,10,4,16,1
122,0.505,0.542,0.765,45,22,9,9,18,1
122,0.481,0.343,0.842,46,23,3,13,12,1
122,0.42,0.452,0.727,50,26,9,4,9,1
122,0.551,0.581,0.857,37,20,4,4,17,0
122,0.506,0.381,0.718,43,25,12,2,18,1
122,0.536,0.458,0.656,42,27,13,3,13,1
122,0.609,0.545,0.714,31,25,5,5,15,1
122,0.419,0.314,0.868,53,23,9,6,19,1
122,0.539,0.4,0.923,54,31,14,10,23,1
122,0.484,0.37,0.71,41,26,15,3,12,1
122,0.476,0.321,0.722,38,27,11,3,9,1
122,0.473,0.481,0.75,43,29,7,7,16,1
122,0.452,0.286,0.929,34,22,7,1,12,0
123,0.472,0.5,0.643,46,30,10,5,13,1
123,0.532,0.429,0.824,40,24,6,4,14,1
123,0.431,0.316,0.697,47,29,8,7,7,0
123,0.564,0.621,0.773,45,26,5,6,13,1
123,0.518,0.353,0.657,56,30,11,6,23,1
123,0.479,0.394,0.818,53,26,7,6,14,1
123,0.434,0.303,0.794,52,23,10,3,13,0
123,0.476,0.4,0.775,49,28,6,6,17,1
123,0.457,0.423,0.8,56,28,7,4,16,1
123,0.506,0.294,0.862,44,28,7,6,19,1
123,0.446,0.5,0.842,44,24,6,5,8,1
123,0.523,0.48,0.913,43,25,12,5,14,1
123,0.506,0.478,0.788,37,26,16,4,11,1
123,0.5,0.371,0.833,56,25,9,4,17,1
123,0.556,0.48,0.778,44,27,7,4,21,1
123,0.54,0.481,0.762,39,26,16,2,19,1
123,0.538,0.385,0.789,32,34,11,0,6,1
123,0.461,0.359,0.75,46,30,10,6,8,1
123,0.512,0.452,0.806,38,28,9,6,11,1
123,0.474,0.556,0.786,43,34,12,0,8,0
123,0.517,0.56,0.905,44,28,3,2,15,1
123,0.47,0.457,0.65,58,32,10,6,24,1
123,0.437,0.273,0.828,49,22,8,4,7,0
123,0.506,0.394,0.8,48,26,11,3,14,1
123,0.563,0.391,0.941,45,28,5,9,7,1
123,0.521,0.483,0.75,43,34,8,6,9,1
123,0.529,0.333,0.788,42,27,8,4,18,1
123,0.439,0.316,0.758,58,28,11,7,12,1
123,0.446,0.4,0.821,42,30,8,4,12,0
123,0.481,0.371,0.533,61,29,10,5,10,1
123,0.528,0.346,0.833,46,25,9,6,18,1
123,0.505,0.419,0.647,55,28,8,8,17,1
123,0.558,0.382,0.8,45,29,4,4,17,1
123,0.523,0.406,0.783,37,33,11,7,18,1
123,0.495,0.462,0.6,46,28,8,8,14,1
123,0.41,0.302,0.933,51,24,7,10,11,1
123,0.511,0.378,0.731,40,35,12,4,14,1
123,0.484,0.348,0.862,43,26,5,2,14,0
123,0.449,0.413,0.828,38,24,11,4,17,0
123,0.519,0.481,0.737,44,21,8,4,17,1
124,0.506,0.406,0.84,39,30,9,1,14,1
124,0.473,0.351,0.893,49,29,4,9,8,1
124,0.6,0.448,0.789,38,26,8,5,18,0
124,0.562,0.405,0.818,43,33,7,2,12,1
124,0.5,0.436,0.611,53,35,8,6,7,1
124,0.477,0.467,0.867,31,27,7,3,13,0
124,0.566,0.423,0.905,43,28,6,7,16,1
124,0.529,0.576,0.722,50,36,7,3,16,1
124,0.471,0.417,0.8,51,38,7,5,16,0
124,0.549,0.429,0.75,37,31,11,3,17,0
124,0.549,0.579,0.622,43,34,5,2,10,1
124,0.523,0.439,0.933,46,30,12,7,22,1
124,0.495,0.487,0.9,42,27,14,4,15,1
124,0.532,0.41,0.727,41,34,5,9,15,1
124,0.567,0.345,0.522,45,30,12,9,15,1
124,0.533,0.379,0.739,55,33,6,1,19,1
124,0.568,0.44,0.875,39,28,8,2,17,1
124,0.471,0.471,0.757,37,20,8,1,16,0
124,0.49,0.324,0.708,44,15,10,6,13,0
124,0.47,0.417,0.795,42,24,5,0,10,1
124,0.474,0.426,0.632,44,30,10,6,11,1
124,0.57,0.394,0.929,43,21,9,3,15,1
124,0.429,0.483,0.867,51,26,11,12,15,1
124,0.489,0.314,0.618,44,25,6,3,9,0
124,0.489,0.422,0.789,57,28,5,4,17,1
124,0.469,0.425,0.708,55,27,5,9,15,1
124,0.398,0.282,0.871,70,22,6,4,20,0
124,0.458,0.381,0.667,54,22,7,4,18,1
124,0.563,0.526,0.889,43,27,10,6,16,1
125,0.513,0.412,0.806,40,24,5,3,13,1
125,0.521,0.32,0.613,39,37,7,8,8,1
125,0.458,0.297,0.839,57,34,10,4,19,1
125,0.494,0.354,0.714,37,21,7,3,10,0
125,0.482,0.368,0.879,53,28,2,9,7,1
125,0.484,0.375,0.643,44,20,11,4,8,1
125,0.457,0.413,0.833,49,32,5,11,15,1
125,0.523,0.488,0.722,31,33,6,3,15,0
125,0.522,0.39,0.75,52,29,7,3,11,1
125,0.505,0.261,0.75,45,28,7,5,11,0
125,0.541,0.5,0.792,50,27,5,5,18,1
125,0.529,0.429,0.667,46,26,1,6,12,1
125,0.524,0.438,0.862,36,25,6,2,7,1
125,0.46,0.385,0.811,48,17,15,8,14,1
125,0.535,0.385,0.72,36,30,8,5,9,1
125,0.5,0.468,0.794,34,28,8,3,15,1
125,0.553,0.481,0.9,44,32,7,0,13,1
125,0.494,0.458,0.909,46,29,8,1,8,1
125,0.609,0.263,0.7,43,33,11,5,13,1
125,0.566,0.3,0.806,40,26,5,5,12,1
125,0.469,0.341,0.8,42,33,6,3,13,0
125,0.524,0.355,0.839,45,34,5,3,10,1
125,0.578,0.455,0.792,47,25,10,7,11,1
125,0.505,0.364,0.724,41,25,7,4,15,0
125,0.447,0.364,0.833,51,26,7,4,19,0
125,0.484,0.306,0.786,64,24,10,5,20,1
125,0.522,0.314,0.8,47,25,4,7,11,1
125,0.568,0.4,0.75,43,19,2,4,16,0
125,0.495,0.436,0.842,50,32,5,6,15,1
125,0.565,0.531,0.75,43,29,11,10,15,1
125,0.43,0.333,0.821,44,27,11,8,7,1
125,0.483,0.4,0.912,46,29,6,8,11,1
125,0.485,0.433,0.6,48,25,9,5,14,0
125,0.543,0.464,0.828,39,27,7,5,14,1
125,0.533,0.413,0.727,62,32,4,8,18,1
125,0.418,0.405,0.692,54,23,6,7,10,1
126,0.506,0.45,0.8,48,20,4,6,14,1
126,0.534,0.4,0.952,49,26,4,2,13,1
126,0.473,0.438,0.686,48,28,10,5,11,1
126,0.538,0.348,0.791,47,33,8,7,15,1
126,0.556,0.414,0.875,53,34,10,7,12,1
126,0.538,0.429,0.731,43,25,7,8,7,1
126,0.47,0.441,0.85,36,29,9,4,11,1
126,0.511,0.333,0.759,51,27,4,4,11,1
126,0.516,0.458,0.84,51,30,5,3,10,1
126,0.568,0.35,0.905,50,34,5,6,15,1
126,0.457,0.281,0.756,40,22,16,3,12,0
126,0.505,0.516,0.762,43,27,7,5,10,1
126,0.522,0.419,0.792,41,22,9,4,16,0
126,0.541,0.333,0.743,53,33,10,7,13,1
126,0.527,0.29,0.808,44,21,9,5,9,1
126,0.556,0.414,0.778,47,33,7,3,16,1
126,0.48,0.353,0.645,46,27,11,8,10,1
126,0.494,0.441,0.844,43,24,8,2,14,1
126,0.533,0.382,0.682,35,32,10,5,7,0
126,0.556,0.394,0.917,36,18,8,7,15,1
126,0.479,0.5,0.8,44,22,7,0,15,0
126,0.473,0.469,0.885,48,25,11,6,13,1
126,0.545,0.37,0.615,54,30,2,4,13,1
126,0.448,0.348,0.696,52,31,11,8,17,0
126,0.571,0.333,0.923,50,29,3,7,15,1
126,0.515,0.367,0.867,49,31,11,3,12,1
126,0.455,0.364,0.774,46,21,12,6,16,1
127,0.522,0.436,0.778,50,32,6,6,7,1
127,0.543,0.29,0.9,40,32,12,3,14,1
127,0.538,0.355,1.0,33,26,11,4,8,1
127,0.45,0.392,0.944,42,17,13,7,12,1
127,0.556,0.406,0.609,48,26,5,5,8,1
127,0.542,0.517,0.815,49,26,7,2,19,1
127,0.559,0.375,0.889,47,31,10,16,9,1
127,0.505,0.447,0.857,47,29,5,8,14,1
127,0.453,0.324,0.833,37,22,10,3,15,0
127,0.477,0.4,0.771,55,17,4,4,13,1
127,0.5,0.429,0.826,50,23,7,6,15,1
127,0.553,0.394,0.741,49,27,5,3,12,1
127,0.538,0.783,0.793,42,23,1,1,17,0
127,0.506,0.37,0.846,37,27,5,1,12,0
127,0.553,0.483,0.76,33,38,9,5,14,0
127,0.514,0.5,0.86,37,20,10,1,17,1
127,0.484,0.414,0.818,42,28,9,6,9,1
127,0.563,0.621,0.864,36,30,7,3,12,1
127,0.43,0.303,0.787,52,24,9,8,15,1
127,0.505,0.478,0.833,38,23,4,1,8,1
127,0.575,0.385,0.857,46,36,10,8,15,1
127,0.473,0.333,0.9,55,30,10,8,13,1
128,0.49,0.543,0.765,53,33,5,4,17,1
128,0.521,0.375,0.813,41,31,14,4,18,1
128,0.49,0.462,0.8,41,29,7,2,10,0
128,0.489,0.421,1.0,48,35,7,5,8,0
128,0.529,0.343,0.8,51,31,4,6,15,1
128,0.466,0.324,0.808,53,30,8,3,7,1
128,0.394,0.407,0.667,44,31,10,4,15,0
128,0.516,0.467,0.857,45,28,6,11,10,1
128,0.522,0.333,0.852,44,27,8,5,7,1
128,0.56,0.407,0.75,48,32,5,9,11,1
128,0.509,0.419,0.7,51,30,14,5,17,1
128,0.533,0.412,0.667,52,34,12,6,16,1
128,0.511,0.481,0.905,38,29,10,4,8,1
128,0.533,0.342,0.85,46,32,8,6,9,1
128,0.585,0.542,0.864,39,33,10,8,20,1
128,0.533,0.548,0.813,47,30,4,4,10,1
128,0.485,0.367,0.85,46,27,6,5,15,0
128,0.505,0.439,0.667,48,33,12,6,9,1
128,0.541,0.5,0.792,37,27,10,7,15,1
128,0.537,0.485,0.833,47,32,11,7,16,1
128,0.532,0.4,0.75,46,24,8,4,15,1
128,0.465,0.412,0.815,54,26,6,6,18,1
128,0.581,0.48,0.667,41,19,10,8,16,1
128,0.511,0.529,0.719,41,19,16,6,17,1
128,0.586,0.485,0.833,39,26,10,6,14,1
128,0.552,0.407,0.808,44,24,6,6,11,1
128,0.44,0.351,0.931,54,21,9,10,17,1
129,0.54,0.541,0.882,51,27,5,8,12,1
129,0.478,0.421,0.833,52,32,8,8,15,1
129,0.462,0.432,0.794,48,24,3,4,4,1
129,0.545,0.452,0.778,37,30,12,7,14,1
129,0.515,0.537,0.389,43,35,5,6,8,1
129,0.522,0.459,0.842,40,34,6,5,24,0
129,0.545,0.432,0.85,53,32,8,8,20,1
129,0.495,0.316,0.724,40,34,5,8,9,0
129,0.489,0.4,0.735,42,25,12,5,11,0
129,0.528,0.552,0.826,41,28,1,6,4,1
129,0.512,0.333,0.811,48,27,9,7,13,1
129,0.59,0.545,0.76,59,28,2,2,21,1
129,0.548,0.444,0.786,60,30,8,6,17,1
129,0.49,0.412,0.875,39,30,6,5,11,1
129,0.554,0.481,0.727,39,35,13,3,17,1
129,0.452,0.35,0.861,46,22,9,7,7,1
129,0.649,0.632,0.81,45,29,5,4,11,1
129,0.489,0.417,0.607,44,26,3,2,13,1
129,0.484,0.487,0.9,47,28,15,9,22,1
129,0.571,0.448,0.571,35,31,6,5,9,1
129,0.529,0.529,0.875,46,29,6,5,9,1
129,0.59,0.4,0.767,39,29,4,1,12,1
129,0.533,0.476,0.75,39,27,8,3,10,0
129,0.485,0.294,0.719,54,27,5,5,15,1
129,0.511,0.407,0.857,43,29,13,6,16,1
129,0.521,0.4,0.731,39,24,6,2,13,0
130,0.575,0.593,0.7,50,34,13,4,25,1
130,0.51,0.432,0.737,49,25,3,7,7,1
130,0.495,0.217,0.931,53,29,8,6,11,1
130,0.522,0.333,0.833,44,28,14,1,13,1
130,0.505,0.371,0.81,48,32,7,8,13,0
130,0.51,0.432,0.737,50,41,8,6,12,1
130,0.516,0.351,0.875,42,35,8,6,12,1
130,0.458,0.375,0.75,60,32,5,0,18,1
130,0.452,0.289,1.0,50,20,6,2,14,1
130,0.538,0.409,0.778,39,30,4,4,11,0
130,0.538,0.344,0.826,41,28,5,8,13,1
131,0.516,0.35,0.875,51,30,4,6,11,1
131,0.426,0.414,0.844,65,32,1,6,12,1
131,0.543,0.462,0.792,51,35,7,7,15,1
131,0.495,0.436,1.0,46,30,10,4,12,1
131,0.517,0.48,0.75,52,31,11,7,14,1
131,0.534,0.5,0.88,51,31,6,4,10,1
131,0.547,0.5,0.871,33,26,5,4,11,1
131,0.484,0.316,0.844,49,35,9,4,16,1
131,0.602,0.733,0.909,34,29,5,4,12,1
131,0.495,0.4,0.864,45,27,8,6,17,1
131,0.522,0.395,0.917,37,25,5,6,15,1
131,0.474,0.375,0.778,48,22,8,5,21,0
131,0.571,0.406,0.846,35,35,5,6,17,1
131,0.528,0.5,0.7,46,39,10,4,17,1
131,0.52,0.357,0.739,43,34,13,5,8,1
131,0.549,0.455,0.75,46,28,11,7,20,1
131,0.506,0.4,0.943,40,28,9,7,14,1
131,0.543,0.5,0.698,41,32,9,4,17,1
131,0.531,0.4,0.773,54,36,8,3,12,1
132,0.5,0.433,0.73,49,25,11,2,17,1
132,0.533,0.5,0.87,46,28,7,5,15,1
132,0.541,0.419,0.813,48,39,9,7,14,1
132,0.57,0.471,0.857,49,31,6,4,16,1
132,0.5,0.417,0.793,57,26,9,1,12,1
132,0.557,0.515,0.68,49,39,10,2,20,1
132,0.541,0.458,0.759,44,27,9,3,18,1
132,0.548,0.5,0.813,44,31,7,8,15,1
132,0.443,0.484,0.767,53,26,8,3,14,0
132,0.576,0.5,0.941,56,28,7,5,18,1
132,0.5,0.406,0.63,66,27,8,6,18,1
132,0.5,0.37,0.867,58,37,10,7,11,1
132,0.554,0.586,0.65,46,36,12,6,12,1
132,0.568,0.426,0.833,41,27,9,10,22,1
132,0.391,0.4,0.75,49,25,10,5,7,0
132,0.506,0.514,0.839,46,26,4,4,14,1
132,0.523,0.313,0.811,43,32,7,7,13,1
132,0.5,0.326,0.714,48,32,3,8,11,0
132,0.554,0.667,0.636,40,21,12,5,11,1
133,0.533,0.367,0.727,39,28,13,4,14,1
133,0.58,0.519,0.862,44,29,13,7,15,1
133,0.538,0.512,0.733,54,34,10,4,7,1
133,0.505,0.419,0.848,48,27,4,7,10,1
133,0.556,0.429,0.75,38,25,7,5,10,1
133,0.533,0.333,0.758,49,30,11,5,19,1
133,0.479,0.324,0.756,59,33,3,15,17,1
133,0.544,0.522,0.921,44,17,8,4,16,1
133,0.472,0.364,0.704,46,22,4,4,8,1
133,0.49,0.468,0.789,44,32,9,7,12,1
134,0.595,0.5,0.767,43,33,12,9,11,1
134,0.579,0.444,0.857,39,38,6,6,13,1
134,0.593,0.382,0.765,38,36,8,6,14,1
134,0.521,0.27,0.8,56,27,6,4,16,0
134,0.52,0.378,0.933,47,33,8,6,15,0
134,0.49,0.404,0.722,57,31,8,7,17,1
134,0.489,0.429,0.774,51,28,11,4,17,0
134,0.515,0.257,0.778,46,33,11,7,12,1
134,0.57,0.469,0.808,38,34,13,5,13,1
135,0.5,0.333,0.813,46,30,6,4,9,1
135,0.511,0.559,0.727,40,36,9,5,14,1
135,0.545,0.314,0.762,53,36,7,2,14,1
135,0.545,0.471,0.852,53,31,5,8,18,1
135,0.521,0.5,0.75,45,34,6,2,7,1
135,0.568,0.438,0.875,48,32,7,7,14,1
135,0.455,0.389,0.857,48,30,8,5,11,1
135,0.562,0.379,0.75,38,29,7,7,13,1
135,0.57,0.375,0.759,41,30,7,3,13,1
135,0.57,0.438,0.938,50,30,10,10,12,1
136,0.571,0.559,0.625,40,37,11,7,10,1
136,0.622,0.452,0.87,36,37,7,4,8,1
136,0.553,0.473,0.762,41,30,8,2,17,1
136,0.531,0.588,0.667,41,30,5,2,17,1
136,0.5,0.407,0.8,49,32,9,6,6,1
136,0.5,0.52,0.767,48,23,13,1,13,1
136,0.544,0.552,0.615,57,35,7,9,15,1
136,0.524,0.519,0.85,33,23,10,3,17,0
137,0.505,0.5,0.862,50,29,7,2,14,1
138,0.42,0.368,0.806,39,23,9,4,12,1
138,0.505,0.475,0.905,63,37,11,5,24,1
138,0.458,0.432,0.611,51,36,11,7,20,0
138,0.564,0.419,0.76,56,34,12,6,15,1
139,0.45,0.429,0.722,57,35,7,4,15,0
139,0.607,0.606,0.85,42,38,12,5,18,1
140,0.449,0.364,0.733,58,30,6,6,8,0
140,0.526,0.442,0.955,49,28,6,8,11,1
140,0.48,0.514,0.818,49,36,6,5,10,0
140,0.471,0.361,0.806,59,24,16,8,23,1
140,0.548,0.414,0.923,44,33,7,7,17,1
140,0.578,0.385,0.857,42,34,10,5,11,1
140,0.5,0.34,0.735,42,29,8,8,16,1
141,0.482,0.378,0.762,57,36,3,14,11,1
141,0.579,0.471,0.714,52,42,14,5,12,1
141,0.517,0.385,0.906,45,28,8,9,15,1
141,0.581,0.5,0.688,38,34,3,6,11,1
142,0.429,0.329,0.853,47,18,7,8,10,0
142,0.622,0.486,0.75,44,36,8,4,19,1
142,0.6,0.538,0.7,50,38,6,4,10,1
142,0.514,0.359,0.692,52,33,5,6,15,0
143,0.577,0.5,0.864,42,33,10,3,8,1
143,0.528,0.333,0.824,59,34,8,2,14,1
143,0.515,0.536,0.737,47,32,9,3,9,1
144,0.55,0.35,0.714,54,36,11,8,14,1
144,0.557,0.4,0.909,39,34,12,3,13,1
144,0.484,0.393,0.909,56,30,6,7,13,1
144,0.576,0.455,0.92,48,37,6,5,18,1
145,0.519,0.444,0.773,57,29,4,3,14,1
146,0.576,0.462,0.846,49,38,6,8,12,1
146,0.478,0.314,0.758,50,30,14,7,15,0
146,0.541,0.4,0.813,46,38,14,3,14,1
147,0.495,0.45,0.806,61,33,8,10,25,0
147,0.48,0.49,0.806,57,33,8,5,10,1
147,0.509,0.429,0.667,49,33,8,5,13,0
148,0.466,0.409,0.8,43,29,16,5,11,1
148,0.46,0.4,0.765,60,31,4,13,18,1
148,0.602,0.633,0.654,34,33,15,3,15,1
149,0.598,0.488,0.857,54,40,6,11,15,1
149,0.505,0.361,0.889,53,40,6,5,22,1
149,0.552,0.533,0.731,49,34,9,7,7,1
149,0.589,0.516,0.636,52,35,6,4,16,1
154,0.566,0.842,0.897,43,38,8,10,17,1
161,0.496,0.367,0.68,59,33,11,8,20,0
168,0.471,0.438,0.729,62,30,10,5,17,1
